pnsp_compound,normalized,pur_chem_code,cfr180_section,dtxsid,matched_name,match
"2,4-D",24D,636|811|813,180.142,,,prefix_only(15)
"2,4-DB",24DB,5020,,DTXSID7024035,"2,4-DB",exact
6-BENZYLADENINE,6BENZYLADENINE,,180.703,DTXSID7032630,6-Benzyladenine,exact
ABAMECTIN,ABAMECTIN,2254,,DTXSID8023892,Abamectin,exact
ACEPHATE,ACEPHATE,1685,180.108,DTXSID8023846,Acephate,exact
ACEQUINOCYL,ACEQUINOCYL,5801,180.599,DTXSID8034297,Acequinocyl,exact
ACETAMIPRID,ACETAMIPRID,5762,180.578,DTXSID0034300,Acetamiprid,exact
ACETOCHLOR,ACETOCHLOR,2349,180.47,DTXSID8023848,Acetochlor,exact
ACIBENZOLAR,ACIBENZOLAR,,,DTXSID20155187,Acibenzolar,exact
ACIFLUORFEN,ACIFLUORFEN,2218,,DTXSID0020022,Acifluorfen,exact
ALACHLOR,ALACHLOR,678,180.249,DTXSID1022265,Alachlor,exact
ALDICARB,ALDICARB,575,180.269,DTXSID0039223,Aldicarb,exact
ALUMINUM PHOSPHIDE,ALUMINUMPHOSPHIDE,484,,DTXSID1023867,Aluminum phosphide,exact
AMECTOCTRADIN,AMECTOCTRADIN,,,,,none
AMETRYN,AMETRYN,,180.258,DTXSID1023869,Ametryn,exact
AMINOPYRALID,AMINOPYRALID,5927,180.61,DTXSID2034330,Aminopyralid,exact
ASULAM,ASULAM,1746|5076,180.36,DTXSID8023890,Asulam,exact
ATRAZINE,ATRAZINE,45,180.22,DTXSID9020112,Atrazine,exact
AVIGLYCINE,AVIGLYCINE,,,DTXSID7043875,Aviglycine,exact
AZADIRACHTIN,AZADIRACHTIN,2328,,DTXSID0037497,Azadirachtin,exact
AZINPHOS-METHYL,AZINPHOSMETHYL,314,,DTXSID3020122,Azinphos-methyl,exact
AZOXYSTROBIN,AZOXYSTROBIN,4037|6066,180.507,DTXSID0032520,Azoxystrobin,exact
BACILLUS AMYLOLIQUIFACIEN,BACILLUSAMYLOLIQUIFACIEN,,,,,none
BACILLUS CEREUS,BACILLUSCEREUS,,,DTXSID801010876,Bacillus cereus,exact
BACILLUS FIRMUS,BACILLUSFIRMUS,6075,,DTXSID301020541,Bacillus firmus,exact
BACILLUS PUMILIS,BACILLUSPUMILIS,,,,,none
BACILLUS SUBTILIS,BACILLUSSUBTILIS,,,DTXSID80897374,Bacillus subtilis,exact
BACILLUS THURINGIENSIS,BACILLUSTHURINGIENSIS,86,,DTXSID6044147,Bacillus thuringiensis,exact
BENFLURALIN,BENFLURALIN,,180.208,DTXSID3023899,Benfluralin,exact
BENOMYL,BENOMYL,1552,,DTXSID5023900,Benomyl,exact
BENSULFURON,BENSULFURON,,,DTXSID3074949,Bensulfuron,exact
BENSULIDE,BENSULIDE,70,180.241,DTXSID9032329,Bensulide,exact
BENTAZONE,BENTAZONE,,,DTXSID0023901,Bentazone,exact
BIFENAZATE,BIFENAZATE,5657,180.572,DTXSID5032525,Bifenazate,exact
BIFENTHRIN,BIFENTHRIN,2300,180.442,DTXSID9020160,Bifenthrin,exact
BISPYRIBAC,BISPYRIBAC,,,DTXSID0043977,Bispyribac,exact
BOSCALID,BOSCALID,5790,180.589,DTXSID6034392,Boscalid,exact
BROMACIL,BROMACIL,1573|83|842,180.21,DTXSID4022020,Bromacil,exact
BROMOXYNIL,BROMOXYNIL,,180.324,DTXSID3022162,Bromoxynil,exact
BUPROFEZIN,BUPROFEZIN,3947,180.511,DTXSID8034401,Buprofezin,exact
BUTRALIN,BUTRALIN,1756,,DTXSID3032337,Butralin,exact
CALCIUM POLYSULFIDE,CALCIUMPOLYSULFIDE,,,DTXSID7034414,Calcium polysulfide,exact
CAPTAN,CAPTAN,104,180.103,DTXSID9020243,Captan,exact
CARBARYL,CARBARYL,105,180.169,DTXSID9020247,Carbaryl,exact
CARBOPHENOTHION,CARBOPHENOTHION,110,,DTXSID7022120,Carbophenothion,exact
CARBOXIN,CARBOXIN,1755,180.301,DTXSID0023951,Carboxin,exact
CARFENTRAZONE-ETHYL,CARFENTRAZONEETHYL,5130,180.515,DTXSID4032532,Carfentrazone-ethyl,exact
CHINOMETHIONAT,CHINOMETHIONAT,,,,,prefix_only(1)
CHLORANTRANILIPROLE,CHLORANTRANILIPROLE,5964,180.628,DTXSID2044345,Chlorantraniliprole,exact
CHLORETHOXYFOS,CHLORETHOXYFOS,,180.486,DTXSID2032344,Chlorethoxyfos,exact
CHLORFENAPYR,CHLORFENAPYR,3938,180.513,DTXSID9032533,Chlorfenapyr,exact
CHLORIMURON,CHLORIMURON,,,DTXSID20244020,Chlorimuron,exact
CHLORMEQUAT,CHLORMEQUAT,,,DTXSID4048064,Chlormequat,exact
CHLORONEB,CHLORONEB,135,,DTXSID2024793,Chloroneb,exact
CHLOROPICRIN,CHLOROPICRIN,136,,,,prefix_only(4)
CHLOROTHALONIL,CHLOROTHALONIL,677,180.275,DTXSID0020319,Chlorothalonil,exact
CHLORPROPHAM,CHLORPROPHAM,141,180.181,DTXSID7020764,Chlorpropham,exact
CHLORPYRIFOS,CHLORPYRIFOS,253,180.342,DTXSID4020458,Chlorpyrifos,exact
CHLORSULFURON,CHLORSULFURON,2143,180.405,DTXSID7023980,Chlorsulfuron,exact
CLETHODIM,CLETHODIM,3566,180.458,DTXSID3034458,Clethodim,exact
CLODINAFOP,CLODINAFOP,,,DTXSID9042332,Clodinafop,exact
CLOFENTEZINE,CLOFENTEZINE,2249,180.446,DTXSID9023881,Clofentezine,exact
CLOMAZONE,CLOMAZONE,3537,180.425,DTXSID1032355,Clomazone,exact
CLOPYRALID,CLOPYRALID,5135,180.431,DTXSID9029221,Clopyralid,exact
CLORANSULAM-METHYL,CLORANSULAMMETHYL,5781,180.514,DTXSID8034372,Cloransulam-methyl,exact
CLOTHIANIDIN,CLOTHIANIDIN,5792,180.586,DTXSID2034465,Clothianidin,exact
CONIOTHYRIUM MINITANS,CONIOTHYRIUMMINITANS,,,DTXSID901343923,Coniothyrium minitans,exact
COPPER,COPPER,714,180.1021,DTXSID2023985,Copper,exact
COPPER HYDROXIDE,COPPERHYDROXIDE,151,,DTXSID601028144,Copper hydroxide,exact
COPPER OCTANOATE,COPPEROCTANOATE,5225,,DTXSID0034778,Copper octanoate,exact
COPPER OXYCHLORIDE,COPPEROXYCHLORIDE,156,,DTXSID6034475,Copper oxychloride,exact
COPPER OXYCHLORIDE S,COPPEROXYCHLORIDES,,,,,prefix_only(1)
COPPER SULFATE,COPPERSULFATE,161|162|1778,,DTXSID6034479,Copper sulfate,exact
COPPER SULF TRIBASIC,COPPERSULFTRIBASIC,,,,,none
CPPU,CPPU,,,DTXSID1034634,CPPU,exact
CRYOLITE,CRYOLITE,173,,DTXSID0034487,Cryolite,exact
CUPROUS OXIDE,CUPROUSOXIDE,,,DTXSID0034489,Cuprous oxide,exact
CYANAMIDE,CYANAMIDE,,,DTXSID9034490,Cyanamide,exact
CYAZOFAMID,CYAZOFAMID,5930,180.601,DTXSID9034492,Cyazofamid,exact
CYCLANILIDE,CYCLANILIDE,4030,180.506,DTXSID5032600,Cyclanilide,exact
CYCLOATE,CYCLOATE,516,,DTXSID6032356,Cycloate,exact
CYDIA POMONELLA,CYDIAPOMONELLA,,,,,prefix_only(1)
CYFLUFENAMID,CYFLUFENAMID,6003,,DTXSID30431727,Cyflufenamid,exact
CYFLUTHRIN,CYFLUTHRIN,2223,,DTXSID5035957,Cyfluthrin,exact
CYHALOFOP,CYHALOFOP,,,DTXSID701022032,Cyhalofop,exact
CYHALOTHRIN-GAMMA,CYHALOTHRINGAMMA,,,,,none
CYHALOTHRIN-LAMBDA,CYHALOTHRINLAMBDA,,,DTXSID7032559,Cyhalothrin lambda,exact
CYMOXANIL,CYMOXANIL,4002,,DTXSID6032358,Cymoxanil,exact
CYPERMETHRIN,CYPERMETHRIN,2171|3866,,DTXSID1023998,Cypermethrin,exact
CYPROCONAZOLE,CYPROCONAZOLE,5105,180.485,DTXSID0032601,Cyproconazole,exact
CYPRODINIL,CYPRODINIL,4000,180.532,DTXSID1032359,Cyprodinil,exact
CYROMAZINE,CYROMAZINE,2286,180.414,DTXSID6023999,Cyromazine,exact
CYTOKININ,CYTOKININ,2082,,DTXSID9035175,Cytokinin,exact
DAMINOZIDE,DAMINOZIDE,7,,DTXSID9020370,Daminozide,exact
DAZOMET,DAZOMET,2029|233,,DTXSID7024902,Dazomet,exact
DCPA,DCPA,,180.185,DTXSID20872529,DCPA,exact
DECAN-1-OL,DECAN1OL,,,DTXSID7021946,Decan-1-ol,exact
DELTAMETHRIN,DELTAMETHRIN,3010,180.435,DTXSID8020381,Deltamethrin,exact
DESMEDIPHAM,DESMEDIPHAM,1748,180.353,DTXSID0034518,Desmedipham,exact
DIAZINON,DIAZINON,198,180.153,DTXSID9020407,Diazinon,exact
DICAMBA,DICAMBA,200|5057|5110,180.227,DTXSID4024018,Dicamba,exact
DICHLOBENIL,DICHLOBENIL,112,180.231,DTXSID5032365,Dichlobenil,exact
DICHLOROPROPENE,DICHLOROPROPENE,,,DTXSID00891738,Dichloropropene,exact
DICHLORPROP,DICHLORPROP,2503,,DTXSID0020440,Dichlorprop,exact
DICLOFOP,DICLOFOP,,,DTXSID5041859,Diclofop,exact
DICLORAN,DICLORAN,81,180.2,DTXSID2020426,Dicloran,exact
DICLOSULAM,DICLOSULAM,,180.543,DTXSID4034528,Diclosulam,exact
DICOFOL,DICOFOL,346,180.163,DTXSID4020450,Dicofol,exact
DICROTOPHOS,DICROTOPHOS,72,180.299,DTXSID9023914,Dicrotophos,exact
DIENOCHLOR,DIENOCHLOR,468,,DTXSID9032371,Dienochlor,exact
DIETHATYL,DIETHATYL,,,DTXSID80192018,Diethatyl,exact
DIFENOCONAZOLE,DIFENOCONAZOLE,5024,180.475,DTXSID4032372,Difenoconazole,exact
DIFLUBENZURON,DIFLUBENZURON,1992,180.377,DTXSID1024049,Diflubenzuron,exact
DIFLUFENZOPYR,DIFLUFENZOPYR,5750|5751,180.549,DTXSID8034538,Diflufenzopyr,exact
DIMETHENAMID,DIMETHENAMID,5112,180.464,DTXSID4032376,Dimethenamid,exact
DIMETHENAMID-P,DIMETHENAMIDP,5919,,DTXSID2034542,Dimethenamid-P,exact
DIMETHIPIN,DIMETHIPIN,2159,,DTXSID0024052,Dimethipin,exact
DIMETHOATE,DIMETHOATE,216,180.204,DTXSID7020479,Dimethoate,exact
DIMETHOMORPH,DIMETHOMORPH,4003,180.493,DTXSID7034545,Dimethomorph,exact
DIMETHYL DISULFIDE,DIMETHYLDISULFIDE,5899,,DTXSID4025117,Dimethyl disulfide,exact
DINOSEB,DINOSEB,1445|238|240,,DTXSID3020207,Dinoseb,exact
DINOTEFURAN,DINOTEFURAN,5822,180.603,DTXSID7034549,Dinotefuran,exact
DIQUAT,DIQUAT,,180.226,DTXSID6034554,Diquat,exact
DISULFOTON,DISULFOTON,230,,DTXSID0022018,Disulfoton,exact
DITHIOPYR,DITHIOPYR,2308,,DTXSID9032379,Dithiopyr,exact
DIURON,DIURON,231,180.106,DTXSID0020446,Diuron,exact
DODINE,DODINE,245,180.172,DTXSID3020548,Dodine,exact
EMAMECTIN,EMAMECTIN,,180.505,DTXSID3035052,Emamectin,exact
ENDOSULFAN,ENDOSULFAN,259,,DTXSID1020560,Endosulfan,exact
ENDOTHAL,ENDOTHAL,,,DTXSID7024081,Endothal,exact
EPTC,EPTC,264,,DTXSID1024091,EPTC,exact
ESFENVALERATE,ESFENVALERATE,2321,180.533,DTXSID4032667,Esfenvalerate,exact
ETHALFLURALIN,ETHALFLURALIN,2166,180.416,DTXSID8032386,Ethalfluralin,exact
ETHEPHON,ETHEPHON,1626,180.3,DTXSID7024085,Ethephon,exact
ETHION,ETHION,268,,DTXSID2024086,Ethion,exact
ETHOFUMESATE,ETHOFUMESATE,1900,180.345,DTXSID8034580,Ethofumesate,exact
ETHOPROPHOS,ETHOPROPHOS,,,DTXSID4032611,Ethoprophos,exact
ETOXAZOLE,ETOXAZOLE,5849,180.593,DTXSID8034586,Etoxazole,exact
ETRIDIAZOLE,ETRIDIAZOLE,,,DTXSID3032547,Etridiazole,exact
FAMOXADONE,FAMOXADONE,5878,180.587,DTXSID8034588,Famoxadone,exact
FATTY ALCOHOLS,FATTYALCOHOLS,3654,,DTXSID901018811,Fatty alcohols,exact
FENAMIDONE,FENAMIDONE,5791,180.579,DTXSID2034590,Fenamidone,exact
FENAMIPHOS,FENAMIPHOS,1857,180.349,DTXSID3024102,Fenamiphos,exact
FENARIMOL,FENARIMOL,1980,180.421,DTXSID2032390,Fenarimol,exact
FENBUCONAZOLE,FENBUCONAZOLE,3905,180.48,DTXSID8032548,Fenbuconazole,exact
FENBUTATIN OXIDE,FENBUTATINOXIDE,1876,180.362,DTXSID7032391,Fenbutatin oxide,exact
FENHEXAMID,FENHEXAMID,4032,180.553,DTXSID3032549,Fenhexamid,exact
FENOXAPROP,FENOXAPROP,,,DTXSID5058224,Fenoxaprop,exact
FENOXYCARB,FENOXYCARB,2283,,DTXSID7032393,Fenoxycarb,exact
FENPROPATHRIN,FENPROPATHRIN,2234,180.466,DTXSID0024002,Fenpropathrin,exact
FENPYROXIMATE,FENPYROXIMATE,5784,180.566,DTXSID7032557,Fenpyroximate,exact
FENTIN,FENTIN,,,DTXSID9058153,Fentin,exact
FERBAM,FERBAM,288,180.114,DTXSID8020624,Ferbam,exact
FIPRONIL,FIPRONIL,3995,180.517,DTXSID4034609,Fipronil,exact
FLAZASULFURON,FLAZASULFURON,6035,180.655,DTXSID3034610,Flazasulfuron,exact
FLONICAMID,FLONICAMID,5886,180.613,DTXSID8034611,Flonicamid,exact
FLORASULAM,FLORASULAM,6142,180.633,DTXSID7044340,Florasulam,exact
FLUAZIFOP,FLUAZIFOP,,,DTXSID3058163,Fluazifop,exact
FLUAZINAM,FLUAZINAM,3898,180.574,DTXSID7032551,Fluazinam,exact
FLUBENDIAMIDE,FLUBENDIAMIDE,5948,180.639,DTXSID4047672,Flubendiamide,exact
FLUCARBAZONE,FLUCARBAZONE,,,DTXSID0043979,Flucarbazone,exact
FLUDIOXONIL,FLUDIOXONIL,5027,180.516,DTXSID2032398,Fludioxonil,exact
FLUFENACET,FLUFENACET,5293,,DTXSID2032552,Flufenacet,exact
FLUMETRALIN,FLUMETRALIN,5085,,DTXSID7032553,Flumetralin,exact
FLUMETSULAM,FLUMETSULAM,3927,180.468,DTXSID4032615,Flumetsulam,exact
FLUMICLORAC,FLUMICLORAC,,,DTXSID50236453,Flumiclorac,exact
FLUMIOXAZIN,FLUMIOXAZIN,5802,180.568,DTXSID7032555,Flumioxazin,exact
FLUOMETURON,FLUOMETURON,166,180.229,DTXSID8020628,Fluometuron,exact
FLUOPICOLIDE,FLUOPICOLIDE,5949,180.627,DTXSID7034624,Fluopicolide,exact
FLUOPYRAM,FLUOPYRAM,6004,180.661,DTXSID9058151,Fluopyram,exact
FLUOXASTROBIN,FLUOXASTROBIN,5915,180.609,DTXSID2034625,Fluoxastrobin,exact
FLURIDONE,FLURIDONE,2279,180.42,DTXSID8024107,Fluridone,exact
FLUROXYPYR,FLUROXYPYR,5768,,DTXSID2034627,Fluroxypyr,exact
FLUTHIACET-METHYL,FLUTHIACETMETHYL,,180.551,DTXSID2032556,Fluthiacet-methyl,exact
FLUTOLANIL,FLUTOLANIL,2305,180.484,DTXSID8024109,Flutolanil,exact
FLUTRIAFOL,FLUTRIAFOL,5971,180.629,DTXSID8040727,Flutriafol,exact
FLUVALINATE-TAU,FLUVALINATETAU,,,DTXSID7037555,Fluvalinate Tau,exact
FLUXAPYROXAD,FLUXAPYROXAD,6033,180.666,DTXSID6058215,Fluxapyroxad,exact
FOMESAFEN,FOMESAFEN,,180.433,DTXSID7024112,Fomesafen,exact
FORAMSULFURON,FORAMSULFURON,5851,,DTXSID7034753,Foramsulfuron,exact
FORMETANATE,FORMETANATE,,,DTXSID9041990,Formetanate,exact
FOSETYL,FOSETYL,,,DTXSID2057990,Fosetyl,exact
GALLEX,GALLEX,,,,,none
GAMMA AMINOBUTYRIC ACID,GAMMAAMINOBUTYRIC,5160,,DTXSID6035106,gamma-Aminobutyric acid,exact
GIBBERELLIC ACID,GIBBERELLIC,,,DTXSID0020656,Gibberellic acid,exact
GLUFOSINATE,GLUFOSINATE,,180.473,DTXSID0043973,Glufosinate,exact
GLYPHOSATE,GLYPHOSATE,2997|5820,180.364,DTXSID1024122,Glyphosate,exact
HALOSULFURON,HALOSULFURON,,,DTXSID3074947,Halosulfuron,exact
HARPIN PROTEIN,HARPINPROTEIN,5761,,,,prefix_only(1)
HEXAZINONE,HEXAZINONE,1871,180.396,DTXSID4024145,Hexazinone,exact
HEXYTHIAZOX,HEXYTHIAZOX,2303,180.448,DTXSID7024299,Hexythiazox,exact
HYDRAMETHYLNON,HYDRAMETHYLNON,2203,180.395,DTXSID6023868,Hydramethylnon,exact
HYDRATED LIME,HYDRATEDLIME,,,DTXSID7034410,Hydrated lime,exact
HYDROGEN PEROXIDE,HYDROGENPEROXIDE,1794,,DTXSID2020715,Hydrogen peroxide,exact
HYMEXAZOL,HYMEXAZOL,4034,,DTXSID3032622,Hymexazol,exact
IBA,IBA,323,,DTXSID0021759,IBA,exact
IMAZALIL,IMAZALIL,2084,180.413,DTXSID8024151,Imazalil,exact
IMAZAMETHABENZ,IMAZAMETHABENZ,2240,,,,prefix_only(3)
IMAZAMOX,IMAZAMOX,5756|5757,,DTXSID3034664,Imazamox,exact
IMAZAPIC,IMAZAPIC,5097|5911,180.49,DTXSID5034270,Imazapic,exact
IMAZAPYR,IMAZAPYR,2256,180.5,DTXSID8034665,Imazapyr,exact
IMAZAQUIN,IMAZAQUIN,2613|3006|5109,,DTXSID3024152,Imazaquin,exact
IMAZETHAPYR,IMAZETHAPYR,2340|2341,180.447,DTXSID3024287,Imazethapyr,exact
IMAZOSULFURON,IMAZOSULFURON,5987,180.651,DTXSID2057946,Imazosulfuron,exact
IMIDACLOPRID,IMIDACLOPRID,3849,180.472,DTXSID5032442,Imidacloprid,exact
INDAZIFLAM,INDAZIFLAM,5999,180.653,DTXSID0058223,Indaziflam,exact
INDOXACARB,INDOXACARB,5331,180.564,DTXSID1032690,Indoxacarb,exact
IODOSULFURON,IODOSULFURON,,,DTXSID1043968,Iodosulfuron,exact
IPCONAZOLE,IPCONAZOLE,5978,180.646,DTXSID7034674,Ipconazole,exact
IPRODIONE,IPRODIONE,2081,180.399,DTXSID3024154,Iprodione,exact
ISOXABEN,ISOXABEN,2289,180.65,DTXSID8024159,Isoxaben,exact
ISOXAFLUTOLE,ISOXAFLUTOLE,6209,180.537,DTXSID5034723,Isoxaflutole,exact
KAOLIN CLAY,KAOLINCLAY,,,DTXSID6049640,kaolin clay,exact
KINOPRENE,KINOPRENE,1949|3936,,DTXSID3032624,Kinoprene,exact
KRESOXIM-METHYL,KRESOXIMMETHYL,5451,180.554,DTXSID2032558,Kresoxim-methyl,exact
LACTOFEN,LACTOFEN,3538,180.432,DTXSID7024160,Lactofen,exact
L-GLUTAMIC ACID,LGLUTAMIC,,,DTXSID5020659,L-Glutamic acid,exact
LINURON,LINURON,361,180.184,DTXSID2024163,Linuron,exact
MALATHION,MALATHION,367,180.111,DTXSID4020791,Malathion,exact
MALEIC HYDRAZIDE,MALEICHYDRAZIDE,2130|368,,DTXSID9020792,Maleic hydrazide,exact
MANCOZEB,MANCOZEB,211,180.176,DTXSID0034695,Mancozeb,exact
MANDIPROPAMID,MANDIPROPAMID,5961,180.637,DTXSID4058075,Mandipropamid,exact
MANEB,MANEB,369,,DTXSID9020794,Maneb,exact
MCPA,MCPA,2326|788,180.339,,,prefix_only(15)
MCPB,MCPB,5055|641,,DTXSID4024193,MCPB,exact
MECOPROP,MECOPROP,,,,,prefix_only(15)
MEFENOXAM,MEFENOXAM,4011,180.546,DTXSID8032671,Mefenoxam,exact
MEPIQUAT,MEPIQUAT,,180.384,DTXSID9042122,Mepiquat,exact
MESOSULFURON,MESOSULFURON,,,DTXSID8058087,Mesosulfuron,exact
MESOTRIONE,MESOTRIONE,6069,180.571,DTXSID7032424,Mesotrione,exact
METALAXYL,METALAXYL,2132,180.408,DTXSID6024175,Metalaxyl,exact
METALDEHYDE,METALDEHYDE,379,180.523,DTXSID80109343,Metaldehyde,exact
METAM,METAM,,,DTXSID5043970,Metam,exact
METAM POTASSIUM,METAMPOTASSIUM,,,DTXSID1034424,Metam potassium,exact
METCONAZOLE,METCONAZOLE,5983,180.617,DTXSID4034497,Metconazole,exact
METHAMIDOPHOS,METHAMIDOPHOS,1697,,DTXSID6024177,Methamidophos,exact
METHIDATHION,METHIDATHION,1689,,DTXSID5020819,Methidathion,exact
METHIOCARB,METHIOCARB,375,,DTXSID3032626,Methiocarb,exact
METHOMYL,METHOMYL,383,180.253,DTXSID1022267,Methomyl,exact
METHOXYFENOZIDE,METHOXYFENOZIDE,5698,180.544,DTXSID3032628,Methoxyfenozide,exact
METHYL BROMIDE,METHYLBROMIDE,385,180.124,DTXSID8020832,Methyl bromide,exact
METHYL IODIDE,METHYLIODIDE,5783,,DTXSID0024187,Methyl iodide,exact
METHYL PARATHION,METHYLPARATHION,394,,DTXSID1020855,Methyl parathion,exact
METIRAM,METIRAM,493,180.217,DTXSID9034737,Metiram,exact
METOLACHLOR,METOLACHLOR,1996,,DTXSID4022448,Metolachlor,exact
METOLACHLOR-S,METOLACHLORS,,,,,prefix_only(2)
METRAFENONE,METRAFENONE,5990,180.624,DTXSID9058020,Metrafenone,exact
METRIBUZIN,METRIBUZIN,1692,180.332,DTXSID6024204,Metribuzin,exact
METSULFURON,METSULFURON,,,DTXSID1058187,Metsulfuron,exact
MEVINPHOS,MEVINPHOS,480,,DTXSID2032683,Mevinphos,exact
MSMA,MSMA,34,,DTXSID2025686,MSMA,exact
MYCLOBUTANIL,MYCLOBUTANIL,2245,180.443,DTXSID8024315,Myclobutanil,exact
MYROTHECIUM VERRUCARIA,MYROTHECIUMVERRUCARIA,,,DTXSID001061332,Myrothecium verrucaria,exact
NALED,NALED,418,180.215,DTXSID1024209,Naled,exact
NAPHTHYLACETAMIDE,NAPHTHYLACETAMIDE,,,,,none
NAPHTHYLACETIC ACID,NAPHTHYLACETIC,,,DTXSID8020915,NAPHTHYLACETIC ACID,exact
NAPROPAMIDE,NAPROPAMIDE,1728,180.328,DTXSID5024211,Napropamide,exact
NAPTALAM,NAPTALAM,2998|437,,DTXSID6032437,Naptalam,exact
NEEM OIL,NEEMOIL,,,DTXSID70107838,Neem oil,exact
NICOSULFURON,NICOSULFURON,3829,180.454,DTXSID6034764,Nicosulfuron,exact
NORFLURAZON,NORFLURAZON,2019,180.356,DTXSID8024234,Norflurazon,exact
NOSEMA LOCUSTAE CANN,NOSEMALOCUSTAECANN,,,,,none
NOVALURON,NOVALURON,5754,180.598,DTXSID5034773,Novaluron,exact
ORTHOSULFAMURON,ORTHOSULFAMURON,5904,180.625,DTXSID4034788,Orthosulfamuron,exact
ORYZALIN,ORYZALIN,1868,180.304,DTXSID8024238,Oryzalin,exact
OXADIAZON,OXADIAZON,2017,,DTXSID3024239,Oxadiazon,exact
OXAMYL,OXAMYL,1910,180.303,DTXSID6021086,Oxamyl,exact
OXYDEMETON-METHYL,OXYDEMETONMETHYL,382,,DTXSID8025541,Oxydemeton-methyl,exact
OXYFLUORFEN,OXYFLUORFEN,1973,180.381,DTXSID7024241,Oxyfluorfen,exact
OXYTETRACYCLINE,OXYTETRACYCLINE,,180.337,DTXSID1034260,Oxytetracycline,exact
PACLOBUTRAZOL,PACLOBUTRAZOL,2259,,DTXSID2024242,Paclobutrazol,exact
PARAQUAT,PARAQUAT,,180.205,DTXSID3034799,Paraquat,exact
PARATHION,PARATHION,459,,DTXSID7021100,Parathion,exact
PELARGONIC ACID,PELARGONIC,,,DTXSID3021641,Pelargonic acid,exact
PENDIMETHALIN,PENDIMETHALIN,1929,180.361,DTXSID7024245,Pendimethalin,exact
PENOXSULAM,PENOXSULAM,5889,180.605,DTXSID0034803,Penoxsulam,exact
PENTHIOPYRAD,PENTHIOPYRAD,6020,180.658,DTXSID6058005,Penthiopyrad,exact
PERMETHRIN,PERMETHRIN,2008,180.378,DTXSID8022292,Permethrin,exact
PETROLEUM DISTILLATE,PETROLEUMDISTILLATE,,,DTXSID3028219,petroleum distillate,exact
PETROLEUM OIL,PETROLEUMOIL,,,DTXSID3028219,petroleum oil,exact
PHENMEDIPHAM,PHENMEDIPHAM,675,180.278,DTXSID1024255,Phenmedipham,exact
PHORATE,PHORATE,478,180.206,DTXSID4032459,Phorate,exact
PHOSMET,PHOSMET,335,180.261,DTXSID5024261,Phosmet,exact
PHOSPHORIC ACID,PHOSPHORIC,871,,DTXSID5024263,Phosphoric acid,exact
PICLORAM,PICLORAM,5330|593,180.292,DTXSID1021160,Picloram,exact
PINOXADEN,PINOXADEN,5984,180.611,DTXSID8034823,Pinoxaden,exact
PIPERONYL BUTOXIDE,PIPERONYLBUTOXIDE,486,180.127,DTXSID1021166,Piperonyl butoxide,exact
POLYHEDROSIS VIRUS,POLYHEDROSISVIRUS,,,,,none
POLYOXORIM,POLYOXORIM,,,DTXSID30873865,Polyoxorim,exact
POTASSIUM BICARBONATE,POTASSIUMBICARBONATE,5037,,DTXSID0021177,Potassium bicarbonate,exact
POTASSIUM OLEATE,POTASSIUMOLEATE,,,DTXSID0025949,Potassium oleate,exact
PRIMISULFURON,PRIMISULFURON,,,DTXSID40150270,Primisulfuron,exact
PRODIAMINE,PRODIAMINE,2236,,DTXSID1034210,Prodiamine,exact
PROFENOFOS,PROFENOFOS,2042,180.404,DTXSID3032464,Profenofos,exact
PROHEXADIONE,PROHEXADIONE,,,DTXSID1043966,Prohexadione,exact
PROMETRYN,PROMETRYN,502,180.222,DTXSID4024272,Prometryn,exact
PROPAMOCARB HCL,PROPAMOCARBHCL,,,DTXSID6034849,Propamocarb HCl,exact
PROPANIL,PROPANIL,503,180.274,DTXSID8022111,Propanil,exact
PROPARGITE,PROPARGITE,445,180.259,DTXSID4024276,Propargite,exact
PROPAZINE,PROPAZINE,504,180.243,DTXSID3021196,Propazine,exact
PROPICONAZOLE,PROPICONAZOLE,2276,180.434,DTXSID8024280,Propiconazole,exact
PROPOXYCARBAZONE,PROPOXYCARBAZONE,,180.6,DTXSID8037704,Propoxycarbazone,exact
PROPYZAMIDE,PROPYZAMIDE,694,180.317,DTXSID2020420,Propyzamide,exact
PROSULFURON,PROSULFURON,5115,180.481,DTXSID9034868,Prosulfuron,exact
PROTHIOCONAZOLE,PROTHIOCONAZOLE,6005,180.626,DTXSID4034869,Prothioconazole,exact
PSEUDOMONAS FLUORESCENS,PSEUDOMONASFLUORESCENS,,,DTXSID60897397,Pseudomonas fluorescens,exact
PYMETROZINE,PYMETROZINE,5232,180.556,DTXSID2032637,Pymetrozine,exact
PYRACLOSTROBIN,PYRACLOSTROBIN,5759,180.582,DTXSID7032638,Pyraclostrobin,exact
PYRAFLUFEN ETHYL,PYRAFLUFENETHYL,5865,180.585,DTXSID8034871,Pyraflufen-ethyl,exact
PYRASULFOTOLE,PYRASULFOTOLE,6211,180.631,DTXSID2044343,Pyrasulfotole,exact
PYRETHRINS,PYRETHRINS,510,180.128,DTXSID8034873,Pyrethrins,exact
PYRIDABEN,PYRIDABEN,3959,180.494,DTXSID5032573,Pyridaben,exact
PYRIMETHANIL,PYRIMETHANIL,5864,180.518,DTXSID8034877,Pyrimethanil,exact
PYRIPROXYFEN,PYRIPROXYFEN,4019,180.51,DTXSID1032640,Pyriproxyfen,exact
PYRITHIOBAC-SODIUM,PYRITHIOBACSODIUM,3940,180.487,DTXSID8032673,Pyrithiobac sodium,exact
PYROXASULFONE,PYROXASULFONE,6143,180.659,DTXSID4058104,Pyroxasulfone,exact
PYROXSULAM,PYROXSULAM,6030,180.638,DTXSID7044344,Pyroxsulam,exact
QUINCLORAC,QUINCLORAC,5104,180.463,DTXSID6032641,Quinclorac,exact
QUINOXYFEN,QUINOXYFEN,5787,180.588,DTXSID2034881,Quinoxyfen,exact
QUINTOZENE,QUINTOZENE,,,DTXSID2021105,Quintozene,exact
QUIZALOFOP,QUIZALOFOP,,,DTXSID60273935,Quizalofop,exact
RIMSULFURON,RIMSULFURON,3835,180.478,DTXSID1032642,Rimsulfuron,exact
ROTENONE,ROTENONE,518,,DTXSID6021248,Rotenone,exact
SABADILLA,SABADILLA,,,DTXSID2034887,Sabadilla,exact
SAFLUFENACIL,SAFLUFENACIL,5977,180.649,DTXSID9058072,Saflufenacil,exact
SETHOXYDIM,SETHOXYDIM,2177,180.412,DTXSID9024304,Sethoxydim,exact
SILICATES,SILICATES,,,DTXSID8049628,silicates,exact
SIMAZINE,SIMAZINE,531,180.213,DTXSID4021268,Simazine,exact
SODIUM CHLORATE,SODIUMCHLORATE,536,,DTXSID7026025,Sodium chlorate,exact
SPINETORAM,SPINETORAM,5946,180.635,DTXSID3058614,Spinetoram,exact
SPINOSYN,SPINOSYN,,,,,prefix_only(14)
SPIRODICLOFEN,SPIRODICLOFEN,5857,180.608,DTXSID6034928,Spirodiclofen,exact
SPIROMESIFEN,SPIROMESIFEN,5858,180.607,DTXSID1034929,Spiromesifen,exact
SPIROTETRAMAT,SPIROTETRAMAT,5955,180.641,DTXSID7044342,Spirotetramat,exact
STREPTOMYCIN,STREPTOMYCIN,1217,180.245,,,prefix_only(15)
SULFCARBAMIDE,SULFCARBAMIDE,,,,,none
SULFENTRAZONE,SULFENTRAZONE,5923,180.498,DTXSID6032645,Sulfentrazone,exact
SULFOMETURON,SULFOMETURON,,,DTXSID20225213,Sulfometuron,exact
SULFOSATE,SULFOSATE,,,DTXSID5034939,Sulfosate,exact
SULFOSULFURON,SULFOSULFURON,5136,180.552,DTXSID4034940,Sulfosulfuron,exact
SULFOXAFLOR,SULFOXAFLOR,6109,180.668,DTXSID0074687,Sulfoxaflor,exact
SULFUR,SULFUR,560,,DTXSID9034941,Sulfur,exact
SULFURIC ACID,SULFURIC,442,,DTXSID5029683,Sulfuric acid,exact
TCMTB,TCMTB,971,,DTXSID6032647,TCMTB,exact
TEBUCONAZOLE,TEBUCONAZOLE,3850,180.474,DTXSID9032113,Tebuconazole,exact
TEBUFENOZIDE,TEBUFENOZIDE,3957,180.482,DTXSID4034948,Tebufenozide,exact
TEBUPIRIMPHOS,TEBUPIRIMPHOS,,,DTXSID1032482,Tebupirimphos,exact
TEBUTHIURON,TEBUTHIURON,1810,180.39,DTXSID3024316,Tebuthiuron,exact
TEFLUTHRIN,TEFLUTHRIN,3839,180.44,DTXSID5032577,Tefluthrin,exact
TEMBOTRIONE,TEMBOTRIONE,6021,180.634,DTXSID5047037,Tembotrione,exact
TERBACIL,TERBACIL,532,180.209,DTXSID8024317,Terbacil,exact
TERBUFOS,TERBUFOS,2925,180.352,DTXSID2022254,Terbufos,exact
TETRABOROHYDRATE,TETRABOROHYDRATE,,,,,none
TETRACONAZOLE,TETRACONAZOLE,5939,180.557,DTXSID8034956,Tetraconazole,exact
TETRATHIOCARBONATE,TETRATHIOCARBONATE,,,DTXSID301365028,TETRATHIOCARBONATE,exact
THIABENDAZOLE,THIABENDAZOLE,587,180.242,DTXSID0021337,Thiabendazole,exact
THIACLOPRID,THIACLOPRID,5888,180.594,DTXSID7034961,Thiacloprid,exact
THIAMETHOXAM,THIAMETHOXAM,5598,180.565,DTXSID2034962,Thiamethoxam,exact
THIAZOPYR,THIAZOPYR,3984,,DTXSID1032488,Thiazopyr,exact
THIDIAZURON,THIDIAZURON,2162,180.403,DTXSID0032651,Thidiazuron,exact
THIENCARBAZONE-METHYL,THIENCARBAZONEMETHYL,6016,180.645,DTXSID0058275,Thiencarbazone-methyl,exact
THIFENSULFURON,THIFENSULFURON,,,DTXSID1058185,Thifensulfuron,exact
THIOBENCARB,THIOBENCARB,1933,180.401,DTXSID6024337,Thiobencarb,exact
THIODICARB,THIODICARB,2202,180.407,DTXSID0032578,Thiodicarb,exact
THIOPHANATE-METHYL,THIOPHANATEMETHYL,1696,180.371,DTXSID1024338,Thiophanate-methyl,exact
THIRAM,THIRAM,589,180.132,DTXSID5021332,Thiram,exact
TOPRAMEZONE,TOPRAMEZONE,6175,180.612,DTXSID0034722,Topramezone,exact
TRALKOXYDIM,TRALKOXYDIM,5457,,DTXSID1034973,Tralkoxydim,exact
TRIADIMEFON,TRIADIMEFON,2133,180.41,DTXSID3023897,Triadimefon,exact
TRIADIMENOL,TRIADIMENOL,2307,,DTXSID0032493,Triadimenol,exact
TRI-ALLATE,TRIALLATE,49,180.314,DTXSID5024344,Tri-allate,exact
TRIASULFURON,TRIASULFURON,5100,180.459,DTXSID0024345,Triasulfuron,exact
TRIBENURON METHYL,TRIBENURONMETHYL,2338,180.451,DTXSID8024101,Tribenuron-methyl,exact
TRIBUFOS,TRIBUFOS,,,DTXSID1024174,Tribufos,exact
TRICLOPYR,TRICLOPYR,,180.417,DTXSID0032497,Triclopyr,exact
TRIFLOXYSTROBIN,TRIFLOXYSTROBIN,5321,180.555,DTXSID4032580,Trifloxystrobin,exact
TRIFLOXYSULFURON,TRIFLOXYSULFURON,,180.591,DTXSID0043971,Trifloxysulfuron,exact
TRIFLUMIZOLE,TRIFLUMIZOLE,2260,180.476,DTXSID2032500,Triflumizole,exact
TRIFLURALIN,TRIFLURALIN,597,180.207,DTXSID4021395,Trifluralin,exact
TRIFLUSULFURON,TRIFLUSULFURON,,,DTXSID10159614,Triflusulfuron,exact
TRINEXAPAC,TRINEXAPAC,,,DTXSID501019900,Trinexapac,exact
TRITICONAZOLE,TRITICONAZOLE,5799,180.583,DTXSID0032655,Triticonazole,exact
UNICONAZOLE,UNICONAZOLE,,180.643,DTXSID7032505,Uniconazole,exact
VINCLOZOLIN,VINCLOZOLIN,2129,180.38,DTXSID4022361,Vinclozolin,exact
ZETA-CYPERMETHRIN,ZETACYPERMETHRIN,,,DTXSID40274167,zeta-Cypermethrin,exact
ZINC,ZINC,2310,,DTXSID7035012,Zinc,exact
ZINEB,ZINEB,627,,DTXSID5021465,Zineb,exact
ZIRAM,ZIRAM,629,180.116,DTXSID0021464,Ziram,exact
ZOXAMIDE,ZOXAMIDE,5769,180.567,DTXSID9032581,Zoxamide,exact
