normalized,pnsp_compound,pur_chem_code,cfr180_section,dtxsid,dtxsid_match,unresolved_reason
24D,"2,4-D",636|811|813,180.142,,prefix_only(15),parent name matches several salts/esters/isomers - needs manual selection
24DB,"2,4-DB",5020,,DTXSID7024035,exact,
6BENZYLADENINE,6-BENZYLADENINE,,180.703,DTXSID7032630,exact,
ABAMECTIN,ABAMECTIN,2254,,DTXSID8023892,exact,
ACEPHATE,ACEPHATE,1685,180.108,DTXSID8023846,exact,
ACEQUINOCYL,ACEQUINOCYL,5801,180.599,DTXSID8034297,exact,
ACETAMIPRID,ACETAMIPRID,5762,180.578,DTXSID0034300,exact,
ACETOCHLOR,ACETOCHLOR,2349,180.47,DTXSID8023848,exact,
ACIBENZOLAR,ACIBENZOLAR,,,DTXSID20155187,exact,
ACIFLUORFEN,ACIFLUORFEN,2218,,DTXSID0020022,exact,
ALACHLOR,ALACHLOR,678,180.249,DTXSID1022265,exact,
ALDICARB,ALDICARB,575,180.269,DTXSID0039223,exact,
ALUMINUMPHOSPHIDE,ALUMINUM PHOSPHIDE,484,,DTXSID1023867,exact,
AMECTOCTRADIN,AMECTOCTRADIN,,,,none,abbreviated or variant spelling in PNSP - needs manual mapping
AMETRYN,AMETRYN,,180.258,DTXSID1023869,exact,
AMINOPYRALID,AMINOPYRALID,5927,180.61,DTXSID2034330,exact,
ASULAM,ASULAM,1746|5076,180.36,DTXSID8023890,exact,
ATRAZINE,ATRAZINE,45,180.22,DTXSID9020112,exact,
AVIGLYCINE,AVIGLYCINE,,,DTXSID7043875,exact,
AZADIRACHTIN,AZADIRACHTIN,2328,,DTXSID0037497,exact,
AZINPHOSMETHYL,AZINPHOS-METHYL,314,,DTXSID3020122,exact,
AZOXYSTROBIN,AZOXYSTROBIN,4037|6066,180.507,DTXSID0032520,exact,
BACILLUSAMYLOLIQUIFACIEN,BACILLUS AMYLOLIQUIFACIEN,,,,none,"biological agent - not a single substance, correctly absent from a chemical registry"
BACILLUSCEREUS,BACILLUS CEREUS,,,DTXSID801010876,exact,
BACILLUSFIRMUS,BACILLUS FIRMUS,6075,,DTXSID301020541,exact,
BACILLUSPUMILIS,BACILLUS PUMILIS,,,,none,"biological agent - not a single substance, correctly absent from a chemical registry"
BACILLUSSUBTILIS,BACILLUS SUBTILIS,,,DTXSID80897374,exact,
BACILLUSTHURINGIENSIS,BACILLUS THURINGIENSIS,86,,DTXSID6044147,exact,
BENFLURALIN,BENFLURALIN,,180.208,DTXSID3023899,exact,
BENOMYL,BENOMYL,1552,,DTXSID5023900,exact,
BENSULFURON,BENSULFURON,,,DTXSID3074949,exact,
BENSULIDE,BENSULIDE,70,180.241,DTXSID9032329,exact,
BENTAZONE,BENTAZONE,,,DTXSID0023901,exact,
BIFENAZATE,BIFENAZATE,5657,180.572,DTXSID5032525,exact,
BIFENTHRIN,BIFENTHRIN,2300,180.442,DTXSID9020160,exact,
BISPYRIBAC,BISPYRIBAC,,,DTXSID0043977,exact,
BOSCALID,BOSCALID,5790,180.589,DTXSID6034392,exact,
BROMACIL,BROMACIL,1573|83|842,180.21,DTXSID4022020,exact,
BROMOXYNIL,BROMOXYNIL,,180.324,DTXSID3022162,exact,
BUPROFEZIN,BUPROFEZIN,3947,180.511,DTXSID8034401,exact,
BUTRALIN,BUTRALIN,1756,,DTXSID3032337,exact,
CALCIUMPOLYSULFIDE,CALCIUM POLYSULFIDE,,,DTXSID7034414,exact,
CAPTAN,CAPTAN,104,180.103,DTXSID9020243,exact,
CARBARYL,CARBARYL,105,180.169,DTXSID9020247,exact,
CARBOPHENOTHION,CARBOPHENOTHION,110,,DTXSID7022120,exact,
CARBOXIN,CARBOXIN,1755,180.301,DTXSID0023951,exact,
CARFENTRAZONEETHYL,CARFENTRAZONE-ETHYL,5130,180.515,DTXSID4032532,exact,
CHINOMETHIONAT,CHINOMETHIONAT,,,,prefix_only(1),parent name matches several salts/esters/isomers - needs manual selection
CHLORANTRANILIPROLE,CHLORANTRANILIPROLE,5964,180.628,DTXSID2044345,exact,
CHLORETHOXYFOS,CHLORETHOXYFOS,,180.486,DTXSID2032344,exact,
CHLORFENAPYR,CHLORFENAPYR,3938,180.513,DTXSID9032533,exact,
CHLORIMURON,CHLORIMURON,,,DTXSID20244020,exact,
CHLORMEQUAT,CHLORMEQUAT,,,DTXSID4048064,exact,
CHLORONEB,CHLORONEB,135,,DTXSID2024793,exact,
CHLOROPICRIN,CHLOROPICRIN,136,,,prefix_only(4),parent name matches several salts/esters/isomers - needs manual selection
CHLOROTHALONIL,CHLOROTHALONIL,677,180.275,DTXSID0020319,exact,
CHLORPROPHAM,CHLORPROPHAM,141,180.181,DTXSID7020764,exact,
CHLORPYRIFOS,CHLORPYRIFOS,253,180.342,DTXSID4020458,exact,
CHLORSULFURON,CHLORSULFURON,2143,180.405,DTXSID7023980,exact,
CLETHODIM,CLETHODIM,3566,180.458,DTXSID3034458,exact,
CLODINAFOP,CLODINAFOP,,,DTXSID9042332,exact,
CLOFENTEZINE,CLOFENTEZINE,2249,180.446,DTXSID9023881,exact,
CLOMAZONE,CLOMAZONE,3537,180.425,DTXSID1032355,exact,
CLOPYRALID,CLOPYRALID,5135,180.431,DTXSID9029221,exact,
CLORANSULAMMETHYL,CLORANSULAM-METHYL,5781,180.514,DTXSID8034372,exact,
CLOTHIANIDIN,CLOTHIANIDIN,5792,180.586,DTXSID2034465,exact,
CONIOTHYRIUMMINITANS,CONIOTHYRIUM MINITANS,,,DTXSID901343923,exact,
COPPER,COPPER,714,180.1021,DTXSID2023985,exact,
COPPERHYDROXIDE,COPPER HYDROXIDE,151,,DTXSID601028144,exact,
COPPEROCTANOATE,COPPER OCTANOATE,5225,,DTXSID0034778,exact,
COPPEROXYCHLORIDE,COPPER OXYCHLORIDE,156,,DTXSID6034475,exact,
COPPEROXYCHLORIDES,COPPER OXYCHLORIDE S,,,,prefix_only(1),parent name matches several salts/esters/isomers - needs manual selection
COPPERSULFATE,COPPER SULFATE,161|162|1778,,DTXSID6034479,exact,
COPPERSULFTRIBASIC,COPPER SULF TRIBASIC,,,,none,abbreviated or variant spelling in PNSP - needs manual mapping
CPPU,CPPU,,,DTXSID1034634,exact,
CRYOLITE,CRYOLITE,173,,DTXSID0034487,exact,
CUPROUSOXIDE,CUPROUS OXIDE,,,DTXSID0034489,exact,
CYANAMIDE,CYANAMIDE,,,DTXSID9034490,exact,
CYAZOFAMID,CYAZOFAMID,5930,180.601,DTXSID9034492,exact,
CYCLANILIDE,CYCLANILIDE,4030,180.506,DTXSID5032600,exact,
CYCLOATE,CYCLOATE,516,,DTXSID6032356,exact,
CYDIAPOMONELLA,CYDIA POMONELLA,,,,prefix_only(1),"biological agent - not a single substance, correctly absent from a chemical registry"
CYFLUFENAMID,CYFLUFENAMID,6003,,DTXSID30431727,exact,
CYFLUTHRIN,CYFLUTHRIN,2223,,DTXSID5035957,exact,
CYHALOFOP,CYHALOFOP,,,DTXSID701022032,exact,
CYHALOTHRINGAMMA,CYHALOTHRIN-GAMMA,,,,none,abbreviated or variant spelling in PNSP - needs manual mapping
CYHALOTHRINLAMBDA,CYHALOTHRIN-LAMBDA,,,DTXSID7032559,exact,
CYMOXANIL,CYMOXANIL,4002,,DTXSID6032358,exact,
CYPERMETHRIN,CYPERMETHRIN,2171|3866,,DTXSID1023998,exact,
CYPROCONAZOLE,CYPROCONAZOLE,5105,180.485,DTXSID0032601,exact,
CYPRODINIL,CYPRODINIL,4000,180.532,DTXSID1032359,exact,
CYROMAZINE,CYROMAZINE,2286,180.414,DTXSID6023999,exact,
CYTOKININ,CYTOKININ,2082,,DTXSID9035175,exact,
DAMINOZIDE,DAMINOZIDE,7,,DTXSID9020370,exact,
DAZOMET,DAZOMET,2029|233,,DTXSID7024902,exact,
DCPA,DCPA,,180.185,DTXSID20872529,exact,
DECAN1OL,DECAN-1-OL,,,DTXSID7021946,exact,
DELTAMETHRIN,DELTAMETHRIN,3010,180.435,DTXSID8020381,exact,
DESMEDIPHAM,DESMEDIPHAM,1748,180.353,DTXSID0034518,exact,
DIAZINON,DIAZINON,198,180.153,DTXSID9020407,exact,
DICAMBA,DICAMBA,200|5057|5110,180.227,DTXSID4024018,exact,
DICHLOBENIL,DICHLOBENIL,112,180.231,DTXSID5032365,exact,
DICHLOROPROPENE,DICHLOROPROPENE,,,DTXSID00891738,exact,
DICHLORPROP,DICHLORPROP,2503,,DTXSID0020440,exact,
DICLOFOP,DICLOFOP,,,DTXSID5041859,exact,
DICLORAN,DICLORAN,81,180.2,DTXSID2020426,exact,
DICLOSULAM,DICLOSULAM,,180.543,DTXSID4034528,exact,
DICOFOL,DICOFOL,346,180.163,DTXSID4020450,exact,
DICROTOPHOS,DICROTOPHOS,72,180.299,DTXSID9023914,exact,
DIENOCHLOR,DIENOCHLOR,468,,DTXSID9032371,exact,
DIETHATYL,DIETHATYL,,,DTXSID80192018,exact,
DIFENOCONAZOLE,DIFENOCONAZOLE,5024,180.475,DTXSID4032372,exact,
DIFLUBENZURON,DIFLUBENZURON,1992,180.377,DTXSID1024049,exact,
DIFLUFENZOPYR,DIFLUFENZOPYR,5750|5751,180.549,DTXSID8034538,exact,
DIMETHENAMID,DIMETHENAMID,5112,180.464,DTXSID4032376,exact,
DIMETHENAMIDP,DIMETHENAMID-P,5919,,DTXSID2034542,exact,
DIMETHIPIN,DIMETHIPIN,2159,,DTXSID0024052,exact,
DIMETHOATE,DIMETHOATE,216,180.204,DTXSID7020479,exact,
DIMETHOMORPH,DIMETHOMORPH,4003,180.493,DTXSID7034545,exact,
DIMETHYLDISULFIDE,DIMETHYL DISULFIDE,5899,,DTXSID4025117,exact,
DINOSEB,DINOSEB,1445|238|240,,DTXSID3020207,exact,
DINOTEFURAN,DINOTEFURAN,5822,180.603,DTXSID7034549,exact,
DIQUAT,DIQUAT,,180.226,DTXSID6034554,exact,
DISULFOTON,DISULFOTON,230,,DTXSID0022018,exact,
DITHIOPYR,DITHIOPYR,2308,,DTXSID9032379,exact,
DIURON,DIURON,231,180.106,DTXSID0020446,exact,
DODINE,DODINE,245,180.172,DTXSID3020548,exact,
EMAMECTIN,EMAMECTIN,,180.505,DTXSID3035052,exact,
ENDOSULFAN,ENDOSULFAN,259,,DTXSID1020560,exact,
ENDOTHAL,ENDOTHAL,,,DTXSID7024081,exact,
EPTC,EPTC,264,,DTXSID1024091,exact,
ESFENVALERATE,ESFENVALERATE,2321,180.533,DTXSID4032667,exact,
ETHALFLURALIN,ETHALFLURALIN,2166,180.416,DTXSID8032386,exact,
ETHEPHON,ETHEPHON,1626,180.3,DTXSID7024085,exact,
ETHION,ETHION,268,,DTXSID2024086,exact,
ETHOFUMESATE,ETHOFUMESATE,1900,180.345,DTXSID8034580,exact,
ETHOPROPHOS,ETHOPROPHOS,,,DTXSID4032611,exact,
ETOXAZOLE,ETOXAZOLE,5849,180.593,DTXSID8034586,exact,
ETRIDIAZOLE,ETRIDIAZOLE,,,DTXSID3032547,exact,
FAMOXADONE,FAMOXADONE,5878,180.587,DTXSID8034588,exact,
FATTYALCOHOLS,FATTY ALCOHOLS,3654,,DTXSID901018811,exact,
FENAMIDONE,FENAMIDONE,5791,180.579,DTXSID2034590,exact,
FENAMIPHOS,FENAMIPHOS,1857,180.349,DTXSID3024102,exact,
FENARIMOL,FENARIMOL,1980,180.421,DTXSID2032390,exact,
FENBUCONAZOLE,FENBUCONAZOLE,3905,180.48,DTXSID8032548,exact,
FENBUTATINOXIDE,FENBUTATIN OXIDE,1876,180.362,DTXSID7032391,exact,
FENHEXAMID,FENHEXAMID,4032,180.553,DTXSID3032549,exact,
FENOXAPROP,FENOXAPROP,,,DTXSID5058224,exact,
FENOXYCARB,FENOXYCARB,2283,,DTXSID7032393,exact,
FENPROPATHRIN,FENPROPATHRIN,2234,180.466,DTXSID0024002,exact,
FENPYROXIMATE,FENPYROXIMATE,5784,180.566,DTXSID7032557,exact,
FENTIN,FENTIN,,,DTXSID9058153,exact,
FERBAM,FERBAM,288,180.114,DTXSID8020624,exact,
FIPRONIL,FIPRONIL,3995,180.517,DTXSID4034609,exact,
FLAZASULFURON,FLAZASULFURON,6035,180.655,DTXSID3034610,exact,
FLONICAMID,FLONICAMID,5886,180.613,DTXSID8034611,exact,
FLORASULAM,FLORASULAM,6142,180.633,DTXSID7044340,exact,
FLUAZIFOP,FLUAZIFOP,,,DTXSID3058163,exact,
FLUAZINAM,FLUAZINAM,3898,180.574,DTXSID7032551,exact,
FLUBENDIAMIDE,FLUBENDIAMIDE,5948,180.639,DTXSID4047672,exact,
FLUCARBAZONE,FLUCARBAZONE,,,DTXSID0043979,exact,
FLUDIOXONIL,FLUDIOXONIL,5027,180.516,DTXSID2032398,exact,
FLUFENACET,FLUFENACET,5293,,DTXSID2032552,exact,
FLUMETRALIN,FLUMETRALIN,5085,,DTXSID7032553,exact,
FLUMETSULAM,FLUMETSULAM,3927,180.468,DTXSID4032615,exact,
FLUMICLORAC,FLUMICLORAC,,,DTXSID50236453,exact,
FLUMIOXAZIN,FLUMIOXAZIN,5802,180.568,DTXSID7032555,exact,
FLUOMETURON,FLUOMETURON,166,180.229,DTXSID8020628,exact,
FLUOPICOLIDE,FLUOPICOLIDE,5949,180.627,DTXSID7034624,exact,
FLUOPYRAM,FLUOPYRAM,6004,180.661,DTXSID9058151,exact,
FLUOXASTROBIN,FLUOXASTROBIN,5915,180.609,DTXSID2034625,exact,
FLURIDONE,FLURIDONE,2279,180.42,DTXSID8024107,exact,
FLUROXYPYR,FLUROXYPYR,5768,,DTXSID2034627,exact,
FLUTHIACETMETHYL,FLUTHIACET-METHYL,,180.551,DTXSID2032556,exact,
FLUTOLANIL,FLUTOLANIL,2305,180.484,DTXSID8024109,exact,
FLUTRIAFOL,FLUTRIAFOL,5971,180.629,DTXSID8040727,exact,
FLUVALINATETAU,FLUVALINATE-TAU,,,DTXSID7037555,exact,
FLUXAPYROXAD,FLUXAPYROXAD,6033,180.666,DTXSID6058215,exact,
FOMESAFEN,FOMESAFEN,,180.433,DTXSID7024112,exact,
FORAMSULFURON,FORAMSULFURON,5851,,DTXSID7034753,exact,
FORMETANATE,FORMETANATE,,,DTXSID9041990,exact,
FOSETYL,FOSETYL,,,DTXSID2057990,exact,
GALLEX,GALLEX,,,,none,abbreviated or variant spelling in PNSP - needs manual mapping
GAMMAAMINOBUTYRIC,GAMMA AMINOBUTYRIC ACID,5160,,DTXSID6035106,exact,
GIBBERELLIC,GIBBERELLIC ACID,,,DTXSID0020656,exact,
GLUFOSINATE,GLUFOSINATE,,180.473,DTXSID0043973,exact,
GLYPHOSATE,GLYPHOSATE,2997|5820,180.364,DTXSID1024122,exact,
HALOSULFURON,HALOSULFURON,,,DTXSID3074947,exact,
HARPINPROTEIN,HARPIN PROTEIN,5761,,,prefix_only(1),"biological agent - not a single substance, correctly absent from a chemical registry"
HEXAZINONE,HEXAZINONE,1871,180.396,DTXSID4024145,exact,
HEXYTHIAZOX,HEXYTHIAZOX,2303,180.448,DTXSID7024299,exact,
HYDRAMETHYLNON,HYDRAMETHYLNON,2203,180.395,DTXSID6023868,exact,
HYDRATEDLIME,HYDRATED LIME,,,DTXSID7034410,exact,
HYDROGENPEROXIDE,HYDROGEN PEROXIDE,1794,,DTXSID2020715,exact,
HYMEXAZOL,HYMEXAZOL,4034,,DTXSID3032622,exact,
IBA,IBA,323,,DTXSID0021759,exact,
IMAZALIL,IMAZALIL,2084,180.413,DTXSID8024151,exact,
IMAZAMETHABENZ,IMAZAMETHABENZ,2240,,,prefix_only(3),parent name matches several salts/esters/isomers - needs manual selection
IMAZAMOX,IMAZAMOX,5756|5757,,DTXSID3034664,exact,
IMAZAPIC,IMAZAPIC,5097|5911,180.49,DTXSID5034270,exact,
IMAZAPYR,IMAZAPYR,2256,180.5,DTXSID8034665,exact,
IMAZAQUIN,IMAZAQUIN,2613|3006|5109,,DTXSID3024152,exact,
IMAZETHAPYR,IMAZETHAPYR,2340|2341,180.447,DTXSID3024287,exact,
IMAZOSULFURON,IMAZOSULFURON,5987,180.651,DTXSID2057946,exact,
IMIDACLOPRID,IMIDACLOPRID,3849,180.472,DTXSID5032442,exact,
INDAZIFLAM,INDAZIFLAM,5999,180.653,DTXSID0058223,exact,
INDOXACARB,INDOXACARB,5331,180.564,DTXSID1032690,exact,
IODOSULFURON,IODOSULFURON,,,DTXSID1043968,exact,
IPCONAZOLE,IPCONAZOLE,5978,180.646,DTXSID7034674,exact,
IPRODIONE,IPRODIONE,2081,180.399,DTXSID3024154,exact,
ISOXABEN,ISOXABEN,2289,180.65,DTXSID8024159,exact,
ISOXAFLUTOLE,ISOXAFLUTOLE,6209,180.537,DTXSID5034723,exact,
KAOLINCLAY,KAOLIN CLAY,,,DTXSID6049640,exact,
KINOPRENE,KINOPRENE,1949|3936,,DTXSID3032624,exact,
KRESOXIMMETHYL,KRESOXIM-METHYL,5451,180.554,DTXSID2032558,exact,
LACTOFEN,LACTOFEN,3538,180.432,DTXSID7024160,exact,
LGLUTAMIC,L-GLUTAMIC ACID,,,DTXSID5020659,exact,
LINURON,LINURON,361,180.184,DTXSID2024163,exact,
MALATHION,MALATHION,367,180.111,DTXSID4020791,exact,
MALEICHYDRAZIDE,MALEIC HYDRAZIDE,2130|368,,DTXSID9020792,exact,
MANCOZEB,MANCOZEB,211,180.176,DTXSID0034695,exact,
MANDIPROPAMID,MANDIPROPAMID,5961,180.637,DTXSID4058075,exact,
MANEB,MANEB,369,,DTXSID9020794,exact,
MCPA,MCPA,2326|788,180.339,,prefix_only(15),parent name matches several salts/esters/isomers - needs manual selection
MCPB,MCPB,5055|641,,DTXSID4024193,exact,
MECOPROP,MECOPROP,,,,prefix_only(15),parent name matches several salts/esters/isomers - needs manual selection
MEFENOXAM,MEFENOXAM,4011,180.546,DTXSID8032671,exact,
MEPIQUAT,MEPIQUAT,,180.384,DTXSID9042122,exact,
MESOSULFURON,MESOSULFURON,,,DTXSID8058087,exact,
MESOTRIONE,MESOTRIONE,6069,180.571,DTXSID7032424,exact,
METALAXYL,METALAXYL,2132,180.408,DTXSID6024175,exact,
METALDEHYDE,METALDEHYDE,379,180.523,DTXSID80109343,exact,
METAM,METAM,,,DTXSID5043970,exact,
METAMPOTASSIUM,METAM POTASSIUM,,,DTXSID1034424,exact,
METCONAZOLE,METCONAZOLE,5983,180.617,DTXSID4034497,exact,
METHAMIDOPHOS,METHAMIDOPHOS,1697,,DTXSID6024177,exact,
METHIDATHION,METHIDATHION,1689,,DTXSID5020819,exact,
METHIOCARB,METHIOCARB,375,,DTXSID3032626,exact,
METHOMYL,METHOMYL,383,180.253,DTXSID1022267,exact,
METHOXYFENOZIDE,METHOXYFENOZIDE,5698,180.544,DTXSID3032628,exact,
METHYLBROMIDE,METHYL BROMIDE,385,180.124,DTXSID8020832,exact,
METHYLIODIDE,METHYL IODIDE,5783,,DTXSID0024187,exact,
METHYLPARATHION,METHYL PARATHION,394,,DTXSID1020855,exact,
METIRAM,METIRAM,493,180.217,DTXSID9034737,exact,
METOLACHLOR,METOLACHLOR,1996,,DTXSID4022448,exact,
METOLACHLORS,METOLACHLOR-S,,,,prefix_only(2),parent name matches several salts/esters/isomers - needs manual selection
METRAFENONE,METRAFENONE,5990,180.624,DTXSID9058020,exact,
METRIBUZIN,METRIBUZIN,1692,180.332,DTXSID6024204,exact,
METSULFURON,METSULFURON,,,DTXSID1058187,exact,
MEVINPHOS,MEVINPHOS,480,,DTXSID2032683,exact,
MSMA,MSMA,34,,DTXSID2025686,exact,
MYCLOBUTANIL,MYCLOBUTANIL,2245,180.443,DTXSID8024315,exact,
MYROTHECIUMVERRUCARIA,MYROTHECIUM VERRUCARIA,,,DTXSID001061332,exact,
NALED,NALED,418,180.215,DTXSID1024209,exact,
NAPHTHYLACETAMIDE,NAPHTHYLACETAMIDE,,,,none,abbreviated or variant spelling in PNSP - needs manual mapping
NAPHTHYLACETIC,NAPHTHYLACETIC ACID,,,DTXSID8020915,exact,
NAPROPAMIDE,NAPROPAMIDE,1728,180.328,DTXSID5024211,exact,
NAPTALAM,NAPTALAM,2998|437,,DTXSID6032437,exact,
NEEMOIL,NEEM OIL,,,DTXSID70107838,exact,
NICOSULFURON,NICOSULFURON,3829,180.454,DTXSID6034764,exact,
NORFLURAZON,NORFLURAZON,2019,180.356,DTXSID8024234,exact,
NOSEMALOCUSTAECANN,NOSEMA LOCUSTAE CANN,,,,none,"biological agent - not a single substance, correctly absent from a chemical registry"
NOVALURON,NOVALURON,5754,180.598,DTXSID5034773,exact,
ORTHOSULFAMURON,ORTHOSULFAMURON,5904,180.625,DTXSID4034788,exact,
ORYZALIN,ORYZALIN,1868,180.304,DTXSID8024238,exact,
OXADIAZON,OXADIAZON,2017,,DTXSID3024239,exact,
OXAMYL,OXAMYL,1910,180.303,DTXSID6021086,exact,
OXYDEMETONMETHYL,OXYDEMETON-METHYL,382,,DTXSID8025541,exact,
OXYFLUORFEN,OXYFLUORFEN,1973,180.381,DTXSID7024241,exact,
OXYTETRACYCLINE,OXYTETRACYCLINE,,180.337,DTXSID1034260,exact,
PACLOBUTRAZOL,PACLOBUTRAZOL,2259,,DTXSID2024242,exact,
PARAQUAT,PARAQUAT,,180.205,DTXSID3034799,exact,
PARATHION,PARATHION,459,,DTXSID7021100,exact,
PELARGONIC,PELARGONIC ACID,,,DTXSID3021641,exact,
PENDIMETHALIN,PENDIMETHALIN,1929,180.361,DTXSID7024245,exact,
PENOXSULAM,PENOXSULAM,5889,180.605,DTXSID0034803,exact,
PENTHIOPYRAD,PENTHIOPYRAD,6020,180.658,DTXSID6058005,exact,
PERMETHRIN,PERMETHRIN,2008,180.378,DTXSID8022292,exact,
PETROLEUMDISTILLATE,PETROLEUM DISTILLATE,,,DTXSID3028219,exact,
PETROLEUMOIL,PETROLEUM OIL,,,DTXSID3028219,exact,
PHENMEDIPHAM,PHENMEDIPHAM,675,180.278,DTXSID1024255,exact,
PHORATE,PHORATE,478,180.206,DTXSID4032459,exact,
PHOSMET,PHOSMET,335,180.261,DTXSID5024261,exact,
PHOSPHORIC,PHOSPHORIC ACID,871,,DTXSID5024263,exact,
PICLORAM,PICLORAM,5330|593,180.292,DTXSID1021160,exact,
PINOXADEN,PINOXADEN,5984,180.611,DTXSID8034823,exact,
PIPERONYLBUTOXIDE,PIPERONYL BUTOXIDE,486,180.127,DTXSID1021166,exact,
POLYHEDROSISVIRUS,POLYHEDROSIS VIRUS,,,,none,"biological agent - not a single substance, correctly absent from a chemical registry"
POLYOXORIM,POLYOXORIM,,,DTXSID30873865,exact,
POTASSIUMBICARBONATE,POTASSIUM BICARBONATE,5037,,DTXSID0021177,exact,
POTASSIUMOLEATE,POTASSIUM OLEATE,,,DTXSID0025949,exact,
PRIMISULFURON,PRIMISULFURON,,,DTXSID40150270,exact,
PRODIAMINE,PRODIAMINE,2236,,DTXSID1034210,exact,
PROFENOFOS,PROFENOFOS,2042,180.404,DTXSID3032464,exact,
PROHEXADIONE,PROHEXADIONE,,,DTXSID1043966,exact,
PROMETRYN,PROMETRYN,502,180.222,DTXSID4024272,exact,
PROPAMOCARBHCL,PROPAMOCARB HCL,,,DTXSID6034849,exact,
PROPANIL,PROPANIL,503,180.274,DTXSID8022111,exact,
PROPARGITE,PROPARGITE,445,180.259,DTXSID4024276,exact,
PROPAZINE,PROPAZINE,504,180.243,DTXSID3021196,exact,
PROPICONAZOLE,PROPICONAZOLE,2276,180.434,DTXSID8024280,exact,
PROPOXYCARBAZONE,PROPOXYCARBAZONE,,180.6,DTXSID8037704,exact,
PROPYZAMIDE,PROPYZAMIDE,694,180.317,DTXSID2020420,exact,
PROSULFURON,PROSULFURON,5115,180.481,DTXSID9034868,exact,
PROTHIOCONAZOLE,PROTHIOCONAZOLE,6005,180.626,DTXSID4034869,exact,
PSEUDOMONASFLUORESCENS,PSEUDOMONAS FLUORESCENS,,,DTXSID60897397,exact,
PYMETROZINE,PYMETROZINE,5232,180.556,DTXSID2032637,exact,
PYRACLOSTROBIN,PYRACLOSTROBIN,5759,180.582,DTXSID7032638,exact,
PYRAFLUFENETHYL,PYRAFLUFEN ETHYL,5865,180.585,DTXSID8034871,exact,
PYRASULFOTOLE,PYRASULFOTOLE,6211,180.631,DTXSID2044343,exact,
PYRETHRINS,PYRETHRINS,510,180.128,DTXSID8034873,exact,
PYRIDABEN,PYRIDABEN,3959,180.494,DTXSID5032573,exact,
PYRIMETHANIL,PYRIMETHANIL,5864,180.518,DTXSID8034877,exact,
PYRIPROXYFEN,PYRIPROXYFEN,4019,180.51,DTXSID1032640,exact,
PYRITHIOBACSODIUM,PYRITHIOBAC-SODIUM,3940,180.487,DTXSID8032673,exact,
PYROXASULFONE,PYROXASULFONE,6143,180.659,DTXSID4058104,exact,
PYROXSULAM,PYROXSULAM,6030,180.638,DTXSID7044344,exact,
QUINCLORAC,QUINCLORAC,5104,180.463,DTXSID6032641,exact,
QUINOXYFEN,QUINOXYFEN,5787,180.588,DTXSID2034881,exact,
QUINTOZENE,QUINTOZENE,,,DTXSID2021105,exact,
QUIZALOFOP,QUIZALOFOP,,,DTXSID60273935,exact,
RIMSULFURON,RIMSULFURON,3835,180.478,DTXSID1032642,exact,
ROTENONE,ROTENONE,518,,DTXSID6021248,exact,
SABADILLA,SABADILLA,,,DTXSID2034887,exact,
SAFLUFENACIL,SAFLUFENACIL,5977,180.649,DTXSID9058072,exact,
SETHOXYDIM,SETHOXYDIM,2177,180.412,DTXSID9024304,exact,
SILICATES,SILICATES,,,DTXSID8049628,exact,
SIMAZINE,SIMAZINE,531,180.213,DTXSID4021268,exact,
SODIUMCHLORATE,SODIUM CHLORATE,536,,DTXSID7026025,exact,
SPINETORAM,SPINETORAM,5946,180.635,DTXSID3058614,exact,
SPINOSYN,SPINOSYN,,,,prefix_only(14),parent name matches several salts/esters/isomers - needs manual selection
SPIRODICLOFEN,SPIRODICLOFEN,5857,180.608,DTXSID6034928,exact,
SPIROMESIFEN,SPIROMESIFEN,5858,180.607,DTXSID1034929,exact,
SPIROTETRAMAT,SPIROTETRAMAT,5955,180.641,DTXSID7044342,exact,
STREPTOMYCIN,STREPTOMYCIN,1217,180.245,,prefix_only(15),parent name matches several salts/esters/isomers - needs manual selection
SULFCARBAMIDE,SULFCARBAMIDE,,,,none,abbreviated or variant spelling in PNSP - needs manual mapping
SULFENTRAZONE,SULFENTRAZONE,5923,180.498,DTXSID6032645,exact,
SULFOMETURON,SULFOMETURON,,,DTXSID20225213,exact,
SULFOSATE,SULFOSATE,,,DTXSID5034939,exact,
SULFOSULFURON,SULFOSULFURON,5136,180.552,DTXSID4034940,exact,
SULFOXAFLOR,SULFOXAFLOR,6109,180.668,DTXSID0074687,exact,
SULFUR,SULFUR,560,,DTXSID9034941,exact,
SULFURIC,SULFURIC ACID,442,,DTXSID5029683,exact,
TCMTB,TCMTB,971,,DTXSID6032647,exact,
TEBUCONAZOLE,TEBUCONAZOLE,3850,180.474,DTXSID9032113,exact,
TEBUFENOZIDE,TEBUFENOZIDE,3957,180.482,DTXSID4034948,exact,
TEBUPIRIMPHOS,TEBUPIRIMPHOS,,,DTXSID1032482,exact,
TEBUTHIURON,TEBUTHIURON,1810,180.39,DTXSID3024316,exact,
TEFLUTHRIN,TEFLUTHRIN,3839,180.44,DTXSID5032577,exact,
TEMBOTRIONE,TEMBOTRIONE,6021,180.634,DTXSID5047037,exact,
TERBACIL,TERBACIL,532,180.209,DTXSID8024317,exact,
TERBUFOS,TERBUFOS,2925,180.352,DTXSID2022254,exact,
TETRABOROHYDRATE,TETRABOROHYDRATE,,,,none,abbreviated or variant spelling in PNSP - needs manual mapping
TETRACONAZOLE,TETRACONAZOLE,5939,180.557,DTXSID8034956,exact,
TETRATHIOCARBONATE,TETRATHIOCARBONATE,,,DTXSID301365028,exact,
THIABENDAZOLE,THIABENDAZOLE,587,180.242,DTXSID0021337,exact,
THIACLOPRID,THIACLOPRID,5888,180.594,DTXSID7034961,exact,
THIAMETHOXAM,THIAMETHOXAM,5598,180.565,DTXSID2034962,exact,
THIAZOPYR,THIAZOPYR,3984,,DTXSID1032488,exact,
THIDIAZURON,THIDIAZURON,2162,180.403,DTXSID0032651,exact,
THIENCARBAZONEMETHYL,THIENCARBAZONE-METHYL,6016,180.645,DTXSID0058275,exact,
THIFENSULFURON,THIFENSULFURON,,,DTXSID1058185,exact,
THIOBENCARB,THIOBENCARB,1933,180.401,DTXSID6024337,exact,
THIODICARB,THIODICARB,2202,180.407,DTXSID0032578,exact,
THIOPHANATEMETHYL,THIOPHANATE-METHYL,1696,180.371,DTXSID1024338,exact,
THIRAM,THIRAM,589,180.132,DTXSID5021332,exact,
TOPRAMEZONE,TOPRAMEZONE,6175,180.612,DTXSID0034722,exact,
TRALKOXYDIM,TRALKOXYDIM,5457,,DTXSID1034973,exact,
TRIADIMEFON,TRIADIMEFON,2133,180.41,DTXSID3023897,exact,
TRIADIMENOL,TRIADIMENOL,2307,,DTXSID0032493,exact,
TRIALLATE,TRI-ALLATE,49,180.314,DTXSID5024344,exact,
TRIASULFURON,TRIASULFURON,5100,180.459,DTXSID0024345,exact,
TRIBENURONMETHYL,TRIBENURON METHYL,2338,180.451,DTXSID8024101,exact,
TRIBUFOS,TRIBUFOS,,,DTXSID1024174,exact,
TRICLOPYR,TRICLOPYR,,180.417,DTXSID0032497,exact,
TRIFLOXYSTROBIN,TRIFLOXYSTROBIN,5321,180.555,DTXSID4032580,exact,
TRIFLOXYSULFURON,TRIFLOXYSULFURON,,180.591,DTXSID0043971,exact,
TRIFLUMIZOLE,TRIFLUMIZOLE,2260,180.476,DTXSID2032500,exact,
TRIFLURALIN,TRIFLURALIN,597,180.207,DTXSID4021395,exact,
TRIFLUSULFURON,TRIFLUSULFURON,,,DTXSID10159614,exact,
TRINEXAPAC,TRINEXAPAC,,,DTXSID501019900,exact,
TRITICONAZOLE,TRITICONAZOLE,5799,180.583,DTXSID0032655,exact,
UNICONAZOLE,UNICONAZOLE,,180.643,DTXSID7032505,exact,
VINCLOZOLIN,VINCLOZOLIN,2129,180.38,DTXSID4022361,exact,
ZETACYPERMETHRIN,ZETA-CYPERMETHRIN,,,DTXSID40274167,exact,
ZINC,ZINC,2310,,DTXSID7035012,exact,
ZINEB,ZINEB,627,,DTXSID5021465,exact,
ZIRAM,ZIRAM,629,180.116,DTXSID0021464,exact,
ZOXAMIDE,ZOXAMIDE,5769,180.567,DTXSID9032581,exact,
