compound,pesticide_class,class_source
1-METHYL CYCLOPROPENE,UNCLASSIFIED,none
"2,4-D",HERBICIDE,nass_domaincat
"2,4-DB",HERBICIDE,nass_domaincat
6-BENZYLADENINE,UNCLASSIFIED,none
ABAMECTIN,INSECTICIDE,nass_domaincat
ABSCISIC ACID,UNCLASSIFIED,none
ACEPHATE,INSECTICIDE,nass_domaincat
ACEQUINOCYL,INSECTICIDE,nass_domaincat
ACETAMIPRID,INSECTICIDE,nass_domaincat
ACETOCHLOR,HERBICIDE,nass_domaincat
ACIBENZOLAR,UNCLASSIFIED,none
ACIFLUORFEN,HERBICIDE,manual
ALACHLOR,HERBICIDE,nass_domaincat
ALDICARB,INSECTICIDE,nass_domaincat
ALLYL ISOTHIOCYANATE,OTHER,manual
ALPHA CYPERMETHRIN,INSECTICIDE,nass_domaincat
ALUMINUM PHOSPHIDE,INSECTICIDE,nass_domaincat
AMECTOCTRADIN,UNCLASSIFIED,none
AMETRYN,HERBICIDE,nass_domaincat
AMINOPYRALID,HERBICIDE,nass_domaincat
AMITRAZ,INSECTICIDE,nass_domaincat
AMITROLE,HERBICIDE,nass_domaincat
AMMONIUM SULFAMATE,UNCLASSIFIED,none
AMPELOMYCES QUISQUALIS,UNCLASSIFIED,none
ANILAZINE,FUNGICIDE,nass_domaincat
ARSENIC ACID,OTHER,nass_domaincat
ASPERGILLUS FLAVUS,FUNGICIDE,nass_domaincat
ASULAM,HERBICIDE,manual
ATRAZINE,HERBICIDE,nass_domaincat
AUREOBASIDIUM PULLULANS,UNCLASSIFIED,none
AVIGLYCINE,UNCLASSIFIED,none
AZADIRACHTIN,INSECTICIDE,nass_domaincat
AZINPHOS-METHYL,INSECTICIDE,nass_domaincat
AZOXYSTROBIN,FUNGICIDE,nass_domaincat
BACILLUS AMYLOLIQUIFACIEN,FUNGICIDE,manual
BACILLUS CEREUS,OTHER,nass_domaincat
BACILLUS FIRMUS,UNCLASSIFIED,none
BACILLUS MYCOIDES,UNCLASSIFIED,none
BACILLUS PUMILIS,UNCLASSIFIED,none
BACILLUS SUBTILIS,FUNGICIDE,nass_domaincat
BACILLUS THURINGIENSIS,INSECTICIDE,manual
BACTERIOPHAGE,OTHER,nass_domaincat
BARBAN,HERBICIDE,nass_domaincat
BARIUM POLYSULFIDE,OTHER,manual
BEAUVERIA BASSIANA,INSECTICIDE,nass_domaincat
BENDIOCARB,INSECTICIDE,nass_domaincat
BENFLURALIN,HERBICIDE,manual
BENOMYL,FUNGICIDE,nass_domaincat
BENSULFURON,UNCLASSIFIED,none
BENSULIDE,HERBICIDE,nass_domaincat
BENTAZONE,HERBICIDE,manual
BENZOVIDIFLUPYR,UNCLASSIFIED,none
BICYCLOPYRONE,HERBICIDE,nass_domaincat
BIFENAZATE,INSECTICIDE,nass_domaincat
BIFENOX,UNCLASSIFIED,none
BIFENTHRIN,INSECTICIDE,nass_domaincat
BISPYRIBAC,UNCLASSIFIED,none
BLADPROTEIN,UNCLASSIFIED,none
BORDEAUX MIXTURE,UNCLASSIFIED,none
BOSCALID,FUNGICIDE,nass_domaincat
BROMACIL,HERBICIDE,nass_domaincat
BROMOXYNIL,HERBICIDE,nass_domaincat
BUPROFEZIN,INSECTICIDE,nass_domaincat
BURKHOLDERIA CEPACIA,UNCLASSIFIED,none
BURKHOLDERIA SPP,FUNGICIDE,manual
BUTRALIN,OTHER,manual
BUTYLATE,HERBICIDE,nass_domaincat
CALCIUM CHLORIDE,OTHER,manual
CALCIUM POLYSULFIDE,FUNGICIDE,nass_domaincat
CAPTAFOL,UNCLASSIFIED,none
CAPTAN,FUNGICIDE,nass_domaincat
CARBARYL,INSECTICIDE,nass_domaincat
CARBOFURAN,INSECTICIDE,nass_domaincat
CARBOXIN,FUNGICIDE,nass_domaincat
CARFENTRAZONE-ETHYL,HERBICIDE,nass_domaincat
CHENOPODIUM AMBROSIOIDES,UNCLASSIFIED,none
CHINOMETHIONAT,UNCLASSIFIED,none
CHLORAMBEN,HERBICIDE,manual
CHLORANTRANILIPROLE,INSECTICIDE,nass_domaincat
CHLORDIMEFORM,UNCLASSIFIED,none
CHLORETHOXYFOS,INSECTICIDE,nass_domaincat
CHLORFENAPYR,INSECTICIDE,nass_domaincat
CHLORIDAZON,HERBICIDE,manual
CHLORIMURON,HERBICIDE,manual
CHLORMEQUAT,UNCLASSIFIED,none
CHLOROBENZILATE,UNCLASSIFIED,none
CHLORONEB,FUNGICIDE,nass_domaincat
CHLOROPICRIN,OTHER,nass_domaincat
CHLOROTHALONIL,FUNGICIDE,nass_domaincat
CHLOROXURON,HERBICIDE,nass_domaincat
CHLORPROPHAM,UNCLASSIFIED,none
CHLORPYRIFOS,INSECTICIDE,nass_domaincat
CHLORSULFURON,HERBICIDE,nass_domaincat
CHROMOBACTERIUM SUBTSUGAE,UNCLASSIFIED,none
CINNAMALDEHYDE,INSECTICIDE,nass_domaincat
CLETHODIM,HERBICIDE,nass_domaincat
CLODINAFOP,HERBICIDE,manual
CLOFENTEZINE,INSECTICIDE,nass_domaincat
CLOMAZONE,HERBICIDE,nass_domaincat
CLOPYRALID,HERBICIDE,nass_domaincat
CLORANSULAM-METHYL,HERBICIDE,nass_domaincat
CLOTHIANIDIN,INSECTICIDE,nass_domaincat
COLLECTOTRICHUM SPORES,UNCLASSIFIED,none
CONIOTHYRIUM MINITANS,UNCLASSIFIED,none
COPPER,FUNGICIDE,manual
COPPER HYDROXIDE,FUNGICIDE,nass_domaincat
COPPER OCTANOATE,FUNGICIDE,nass_domaincat
COPPER OXYCHLORIDE,FUNGICIDE,nass_domaincat
COPPER OXYCHLORIDE S,FUNGICIDE,manual
COPPER SULF TRIBASIC,UNCLASSIFIED,none
COPPER SULFATE,FUNGICIDE,nass_domaincat
CPPU,UNCLASSIFIED,none
CRYOLITE,INSECTICIDE,nass_domaincat
CUPROUS OXIDE,FUNGICIDE,manual
CYANAMIDE,UNCLASSIFIED,none
CYANAZINE,HERBICIDE,nass_domaincat
CYANTRANILIPROLE,INSECTICIDE,nass_domaincat
CYAZOFAMID,FUNGICIDE,nass_domaincat
CYCLANILIDE,OTHER,nass_domaincat
CYCLANILIPROLE,INSECTICIDE,nass_domaincat
CYCLOATE,HERBICIDE,nass_domaincat
CYDIA POMONELLA,UNCLASSIFIED,none
CYFLUFENAMID,FUNGICIDE,nass_domaincat
CYFLUMETOFEN,INSECTICIDE,nass_domaincat
CYFLUTHRIN,INSECTICIDE,nass_domaincat
CYHALOFOP,HERBICIDE,manual
CYHALOTHRIN-GAMMA,UNCLASSIFIED,none
CYHALOTHRIN-LAMBDA,INSECTICIDE,manual
CYMOXANIL,FUNGICIDE,nass_domaincat
CYPERMETHRIN,INSECTICIDE,nass_domaincat
CYPROCONAZOLE,FUNGICIDE,nass_domaincat
CYPRODINIL,FUNGICIDE,nass_domaincat
CYROMAZINE,INSECTICIDE,nass_domaincat
CYTOKININ,UNCLASSIFIED,none
DALAPON,UNCLASSIFIED,none
DAMINOZIDE,OTHER,nass_domaincat
DAZOMET,OTHER,nass_domaincat
DCPA,HERBICIDE,nass_domaincat
DECAN-1-OL,OTHER,manual
DELTAMETHRIN,INSECTICIDE,nass_domaincat
DEMETON,UNCLASSIFIED,none
DESMEDIPHAM,HERBICIDE,nass_domaincat
DI-ALLATE,HERBICIDE,nass_domaincat
DIAZINON,INSECTICIDE,nass_domaincat
DICAMBA,HERBICIDE,nass_domaincat
DICHLOBENIL,HERBICIDE,nass_domaincat
DICHLONE,UNCLASSIFIED,none
DICHLOROPROPENE,OTHER,nass_domaincat
DICHLORPROP,HERBICIDE,nass_domaincat
DICLOFOP,HERBICIDE,manual
DICLORAN,FUNGICIDE,nass_domaincat
DICLOSULAM,HERBICIDE,nass_domaincat
DICOFOL,INSECTICIDE,nass_domaincat
DICROTOPHOS,INSECTICIDE,nass_domaincat
DIENOCHLOR,INSECTICIDE,nass_domaincat
DIETHATYL,UNCLASSIFIED,none
DIFENOCONAZOLE,FUNGICIDE,nass_domaincat
DIFENZOQUAT,HERBICIDE,nass_domaincat
DIFLUBENZURON,INSECTICIDE,nass_domaincat
DIFLUFENZOPYR,HERBICIDE,manual
DIMETHENAMID,HERBICIDE,nass_domaincat
DIMETHENAMID-P,HERBICIDE,nass_domaincat
DIMETHIPIN,OTHER,nass_domaincat
DIMETHOATE,INSECTICIDE,nass_domaincat
DIMETHOMORPH,FUNGICIDE,nass_domaincat
DIMETHYL DISULFIDE,OTHER,manual
DIMETHYLARSINIC ACID,OTHER,manual
DINOCAP,FUNGICIDE,nass_domaincat
DINOSEB,HERBICIDE,nass_domaincat
DINOTEFURAN,INSECTICIDE,nass_domaincat
DIPHENAMID,HERBICIDE,nass_domaincat
DIQUAT,HERBICIDE,manual
DISULFOTON,INSECTICIDE,nass_domaincat
DIURON,HERBICIDE,nass_domaincat
DNOC,OTHER,nass_domaincat
DODINE,FUNGICIDE,nass_domaincat
DSMA,HERBICIDE,nass_domaincat
EMAMECTIN,UNCLASSIFIED,none
ENDOSULFAN,INSECTICIDE,nass_domaincat
ENDOTHAL,HERBICIDE,manual
EPN,UNCLASSIFIED,none
EPTC,HERBICIDE,nass_domaincat
ESFENVALERATE,INSECTICIDE,nass_domaincat
ETHABOXAM,FUNGICIDE,nass_domaincat
ETHALFLURALIN,HERBICIDE,nass_domaincat
ETHAMETSULFURON,UNCLASSIFIED,none
ETHEPHON,OTHER,nass_domaincat
ETHION,INSECTICIDE,nass_domaincat
ETHOFUMESATE,HERBICIDE,nass_domaincat
ETHOPROPHOS,INSECTICIDE,manual
ETOXAZOLE,INSECTICIDE,nass_domaincat
ETRIDIAZOLE,FUNGICIDE,nass_domaincat
FAMOXADONE,FUNGICIDE,nass_domaincat
FATTY ALCOHOLS,OTHER,nass_domaincat
FENAMIDONE,FUNGICIDE,nass_domaincat
FENAMIPHOS,INSECTICIDE,nass_domaincat
FENARIMOL,FUNGICIDE,nass_domaincat
FENAZAQUIN,INSECTICIDE,nass_domaincat
FENBUCONAZOLE,FUNGICIDE,nass_domaincat
FENBUTATIN OXIDE,INSECTICIDE,nass_domaincat
FENHEXAMID,FUNGICIDE,nass_domaincat
FENOXAPROP,HERBICIDE,nass_domaincat
FENOXYCARB,INSECTICIDE,nass_domaincat
FENPROPATHRIN,INSECTICIDE,nass_domaincat
FENPYROXIMATE,INSECTICIDE,nass_domaincat
FENSULFOTHION,INSECTICIDE,nass_domaincat
FENTIN,FUNGICIDE,manual
FENVALERATE,INSECTICIDE,nass_domaincat
FERBAM,FUNGICIDE,nass_domaincat
FIPRONIL,INSECTICIDE,nass_domaincat
FLAZASULFURON,HERBICIDE,nass_domaincat
FLONICAMID,INSECTICIDE,nass_domaincat
FLORASULAM,UNCLASSIFIED,none
FLORPYRAUXIFEN,UNCLASSIFIED,none
FLUAZIFOP,HERBICIDE,manual
FLUAZINAM,FUNGICIDE,nass_domaincat
FLUBENDIAMIDE,INSECTICIDE,nass_domaincat
FLUCARBAZONE,UNCLASSIFIED,none
FLUCHLORALIN,UNCLASSIFIED,none
FLUCYTHRINATE,INSECTICIDE,nass_domaincat
FLUDIOXONIL,FUNGICIDE,nass_domaincat
FLUENSULFONE,OTHER,nass_domaincat
FLUFENACET,HERBICIDE,nass_domaincat
FLUMETRALIN,OTHER,nass_domaincat
FLUMETSULAM,HERBICIDE,nass_domaincat
FLUMICLORAC,HERBICIDE,manual
FLUMIOXAZIN,HERBICIDE,nass_domaincat
FLUOMETURON,HERBICIDE,nass_domaincat
FLUOPICOLIDE,FUNGICIDE,nass_domaincat
FLUOPYRAM,FUNGICIDE,nass_domaincat
FLUOXASTROBIN,FUNGICIDE,nass_domaincat
FLUPYRADIFURONE,INSECTICIDE,nass_domaincat
FLURIDONE,HERBICIDE,nass_domaincat
FLUROXYPYR,HERBICIDE,nass_domaincat
FLUSILAZOLE,UNCLASSIFIED,none
FLUTHIACET-METHYL,HERBICIDE,nass_domaincat
FLUTOLANIL,FUNGICIDE,nass_domaincat
FLUTRIAFOL,OTHER,nass_domaincat
FLUVALINATE,INSECTICIDE,nass_domaincat
FLUVALINATE-TAU,UNCLASSIFIED,none
FLUXAPYROXAD,FUNGICIDE,nass_domaincat
FOLPET,FUNGICIDE,nass_domaincat
FOMESAFEN,HERBICIDE,nass_domaincat
FONOFOS,INSECTICIDE,nass_domaincat
FORAMSULFURON,HERBICIDE,nass_domaincat
FORMETANATE,INSECTICIDE,manual
FOSAMINE,HERBICIDE,nass_domaincat
FOSETYL,FUNGICIDE,manual
GAMMA AMINOBUTYRIC ACID,UNCLASSIFIED,none
GARLIC JUICE,UNCLASSIFIED,none
GENTAMICIN SULFATE,UNCLASSIFIED,none
GIBBERELLIC ACID,OTHER,nass_domaincat
GLIOCLADIUM VIRENS,OTHER,nass_domaincat
GLUFOSINATE,HERBICIDE,manual
GLYPHOSATE,HERBICIDE,nass_domaincat
HALAUXIFEN,UNCLASSIFIED,none
HALOSULFURON,HERBICIDE,manual
HARPIN PROTEIN,OTHER,nass_domaincat
HEXAZINONE,HERBICIDE,nass_domaincat
HEXYTHIAZOX,INSECTICIDE,nass_domaincat
HYDRAMETHYLNON,INSECTICIDE,nass_domaincat
HYDRATED LIME,OTHER,manual
HYDROGEN PEROXIDE,OTHER,nass_domaincat
HYDROXYPROPANOIC ACID,UNCLASSIFIED,none
HYMEXAZOL,UNCLASSIFIED,none
IBA,UNCLASSIFIED,none
IMAZALIL,FUNGICIDE,nass_domaincat
IMAZAMETHABENZ,HERBICIDE,nass_domaincat
IMAZAMOX,HERBICIDE,nass_domaincat
IMAZAPIC,HERBICIDE,nass_domaincat
IMAZAPYR,HERBICIDE,nass_domaincat
IMAZAQUIN,HERBICIDE,nass_domaincat
IMAZETHAPYR,HERBICIDE,nass_domaincat
IMAZOSULFURON,HERBICIDE,nass_domaincat
IMIDACLOPRID,INSECTICIDE,nass_domaincat
INDAZIFLAM,OTHER,nass_domaincat
INDOLYL-BUTYRIC ACID,UNCLASSIFIED,none
INDOXACARB,INSECTICIDE,nass_domaincat
IODOSULFURON,UNCLASSIFIED,none
IPCONAZOLE,FUNGICIDE,nass_domaincat
IPRODIONE,FUNGICIDE,nass_domaincat
ISARIA FUMOSOROSEA,UNCLASSIFIED,none
ISAZOFOS,UNCLASSIFIED,none
ISOFENPHOS,INSECTICIDE,nass_domaincat
ISOFETAMID,FUNGICIDE,nass_domaincat
ISOPROPALIN,UNCLASSIFIED,none
ISOXABEN,HERBICIDE,nass_domaincat
ISOXAFLUTOLE,HERBICIDE,nass_domaincat
KAOLIN CLAY,OTHER,manual
KASUGAMYCIN,FUNGICIDE,nass_domaincat
KINOPRENE,INSECTICIDE,nass_domaincat
KRESOXIM-METHYL,FUNGICIDE,nass_domaincat
L-GLUTAMIC ACID,OTHER,nass_domaincat
LACTOFEN,HERBICIDE,nass_domaincat
LEAD ARSENATE,UNCLASSIFIED,none
LINDANE,INSECTICIDE,nass_domaincat
LINURON,HERBICIDE,nass_domaincat
MALATHION,INSECTICIDE,nass_domaincat
MALEIC HYDRAZIDE,OTHER,manual
MANCOZEB,FUNGICIDE,nass_domaincat
MANDIPROPAMID,UNCLASSIFIED,none
MANEB,FUNGICIDE,nass_domaincat
MCPA,HERBICIDE,nass_domaincat
MCPB,HERBICIDE,manual
MECOPROP,HERBICIDE,manual
MEFENOXAM,FUNGICIDE,nass_domaincat
MEFLUIDIDE,UNCLASSIFIED,none
MEPIQUAT,OTHER,manual
MESOSULFURON,UNCLASSIFIED,none
MESOTRIONE,HERBICIDE,nass_domaincat
METALAXYL,FUNGICIDE,nass_domaincat
METALDEHYDE,OTHER,nass_domaincat
METAM,OTHER,manual
METAM POTASSIUM,OTHER,nass_domaincat
METCONAZOLE,FUNGICIDE,nass_domaincat
METHAMIDOPHOS,INSECTICIDE,nass_domaincat
METHAZOLE,HERBICIDE,nass_domaincat
METHIDATHION,INSECTICIDE,nass_domaincat
METHIOCARB,INSECTICIDE,nass_domaincat
METHOMYL,INSECTICIDE,nass_domaincat
METHOXYCHLOR,INSECTICIDE,nass_domaincat
METHOXYFENOZIDE,INSECTICIDE,nass_domaincat
METHYL BROMIDE,OTHER,nass_domaincat
METHYL IODIDE,OTHER,manual
METHYL ISOTHIOCYANATE,UNCLASSIFIED,none
METHYL PARATHION,INSECTICIDE,nass_domaincat
METIRAM,FUNGICIDE,nass_domaincat
METOLACHLOR,HERBICIDE,nass_domaincat
METOLACHLOR-S,HERBICIDE,manual
METRAFENONE,OTHER,nass_domaincat
METRIBUZIN,HERBICIDE,nass_domaincat
METSULFURON,HERBICIDE,manual
MEVINPHOS,INSECTICIDE,nass_domaincat
MOLINATE,HERBICIDE,nass_domaincat
MONOCROTOPHOS,UNCLASSIFIED,none
MSMA,HERBICIDE,nass_domaincat
MYCLOBUTANIL,FUNGICIDE,nass_domaincat
MYROTHECIUM VERRUCARIA,UNCLASSIFIED,none
NALED,INSECTICIDE,nass_domaincat
NAPHTHYLACETAMIDE,UNCLASSIFIED,none
NAPHTHYLACETIC ACID,UNCLASSIFIED,none
NAPROPAMIDE,HERBICIDE,nass_domaincat
NAPTALAM,HERBICIDE,nass_domaincat
NAPTHA,UNCLASSIFIED,none
NEEM OIL,INSECTICIDE,nass_domaincat
NICOSULFURON,HERBICIDE,nass_domaincat
NORFLURAZON,HERBICIDE,nass_domaincat
NORURON,UNCLASSIFIED,none
NOSEMA LOCUSTAE CANN,UNCLASSIFIED,none
NOVALURON,INSECTICIDE,nass_domaincat
ORTHOSULFAMURON,HERBICIDE,nass_domaincat
ORYZALIN,HERBICIDE,nass_domaincat
OXADIAZON,HERBICIDE,nass_domaincat
OXAMYL,INSECTICIDE,nass_domaincat
OXATHIAPIPROLIN,FUNGICIDE,nass_domaincat
OXYDEMETON-METHYL,INSECTICIDE,nass_domaincat
OXYFLUORFEN,HERBICIDE,nass_domaincat
OXYTETRACYCLINE,FUNGICIDE,nass_domaincat
PACLOBUTRAZOL,OTHER,nass_domaincat
PAECILOMYCES LILACINUS,UNCLASSIFIED,none
PARAQUAT,HERBICIDE,nass_domaincat
PARATHION,INSECTICIDE,manual
PEBULATE,HERBICIDE,nass_domaincat
PELARGONIC ACID,OTHER,nass_domaincat
PENDIMETHALIN,HERBICIDE,nass_domaincat
PENFLUFEN,FUNGICIDE,nass_domaincat
PENOXSULAM,HERBICIDE,nass_domaincat
PENTHIOPYRAD,FUNGICIDE,nass_domaincat
PERMETHRIN,INSECTICIDE,nass_domaincat
PETROLEUM DISTILLATE,INSECTICIDE,nass_domaincat
PETROLEUM OIL,INSECTICIDE,nass_domaincat
PHENMEDIPHAM,HERBICIDE,nass_domaincat
PHORATE,INSECTICIDE,nass_domaincat
PHOSALONE,INSECTICIDE,nass_domaincat
PHOSMET,INSECTICIDE,nass_domaincat
PHOSPHAMIDON,INSECTICIDE,nass_domaincat
PHOSPHORIC ACID,OTHER,manual
PHYTOPHTHORA SPORES,UNCLASSIFIED,none
PICLORAM,HERBICIDE,manual
PICOXYSTROBIN,FUNGICIDE,nass_domaincat
PINOLENE,UNCLASSIFIED,none
PINOXADEN,HERBICIDE,nass_domaincat
PIPERONYL BUTOXIDE,INSECTICIDE,nass_domaincat
PIRIMICARB,UNCLASSIFIED,none
POLYHEDROSIS VIRUS,UNCLASSIFIED,none
POLYOXORIM,UNCLASSIFIED,none
POTASSIUM BICARBONATE,OTHER,manual
POTASSIUM CARBONATE,UNCLASSIFIED,none
POTASSIUM OLEATE,OTHER,manual
POTASSIUMSILICATE,OTHER,nass_domaincat
PRIMISULFURON,HERBICIDE,nass_domaincat
PRODIAMINE,HERBICIDE,nass_domaincat
PROFENOFOS,INSECTICIDE,nass_domaincat
PROFLURALIN,UNCLASSIFIED,none
PROHEXADIONE,UNCLASSIFIED,none
PROHYDROJASMON,OTHER,nass_domaincat
PROMETON,HERBICIDE,nass_domaincat
PROMETRYN,HERBICIDE,nass_domaincat
PROPACHLOR,HERBICIDE,nass_domaincat
PROPAMOCARB HCL,FUNGICIDE,manual
PROPANIL,HERBICIDE,nass_domaincat
PROPARGITE,INSECTICIDE,nass_domaincat
PROPAZINE,HERBICIDE,nass_domaincat
PROPICONAZOLE,FUNGICIDE,nass_domaincat
PROPOXUR,UNCLASSIFIED,none
PROPOXYCARBAZONE,UNCLASSIFIED,none
PROPYZAMIDE,HERBICIDE,manual
PROSULFURON,HERBICIDE,nass_domaincat
PROTHIOCONAZOLE,FUNGICIDE,nass_domaincat
PSEUDOMONAS FLUORESCENS,UNCLASSIFIED,none
PYDIFLUMETOFEN,FUNGICIDE,nass_domaincat
PYMETROZINE,INSECTICIDE,nass_domaincat
PYRACLOSTROBIN,FUNGICIDE,nass_domaincat
PYRAFLUFEN ETHYL,HERBICIDE,nass_domaincat
PYRASULFOTOLE,HERBICIDE,manual
PYRETHRINS,INSECTICIDE,nass_domaincat
PYRIDABEN,INSECTICIDE,nass_domaincat
PYRIDATE,HERBICIDE,nass_domaincat
PYRIMETHANIL,FUNGICIDE,nass_domaincat
PYRIOFENONE,FUNGICIDE,nass_domaincat
PYRIPROXYFEN,INSECTICIDE,nass_domaincat
PYRITHIOBAC-SODIUM,HERBICIDE,nass_domaincat
PYROXASULFONE,HERBICIDE,nass_domaincat
PYROXSULAM,HERBICIDE,nass_domaincat
Pyroxsulam,HERBICIDE,nass_domaincat
QUINCLORAC,HERBICIDE,nass_domaincat
QUINOXYFEN,UNCLASSIFIED,none
QUINTOZENE,FUNGICIDE,manual
QUIZALOFOP,HERBICIDE,manual
REYNOUTRIA SACHALINENSIS,UNCLASSIFIED,none
RIMSULFURON,HERBICIDE,nass_domaincat
ROTENONE,INSECTICIDE,nass_domaincat
RYANODINE,UNCLASSIFIED,none
SABADILLA,INSECTICIDE,nass_domaincat
SAFLUFENACIL,HERBICIDE,nass_domaincat
SEDAXANE,FUNGICIDE,nass_domaincat
SETHOXYDIM,HERBICIDE,nass_domaincat
SILICATES,OTHER,manual
SIMAZINE,HERBICIDE,nass_domaincat
SODIUM ARSENITE,UNCLASSIFIED,none
SODIUM CHLORATE,OTHER,nass_domaincat
SODIUM METABORATE,HERBICIDE,nass_domaincat
SPINETORAM,INSECTICIDE,nass_domaincat
SPINOSYN,INSECTICIDE,manual
SPIRODICLOFEN,OTHER,nass_domaincat
SPIROMESIFEN,INSECTICIDE,nass_domaincat
SPIROTETRAMAT,INSECTICIDE,nass_domaincat
STEINERNEMA CARPOCAP,UNCLASSIFIED,none
STEINERNEMA RIOBRAVI,UNCLASSIFIED,none
STREPTOMYCES LYDICUS,FUNGICIDE,nass_domaincat
STREPTOMYCIN,FUNGICIDE,nass_domaincat
SUCROSE OCTANOATE,INSECTICIDE,nass_domaincat
SULFALLATE,UNCLASSIFIED,none
SULFCARBAMIDE,OTHER,manual
SULFENTRAZONE,HERBICIDE,nass_domaincat
SULFOMETURON,UNCLASSIFIED,none
SULFOSATE,HERBICIDE,nass_domaincat
SULFOSULFURON,HERBICIDE,nass_domaincat
SULFOXAFLOR,INSECTICIDE,nass_domaincat
SULFUR,FUNGICIDE,nass_domaincat
SULFURIC ACID,OTHER,nass_domaincat
SULPROFOS,INSECTICIDE,nass_domaincat
TCA,UNCLASSIFIED,none
TCMTB,UNCLASSIFIED,none
TEBUCONAZOLE,FUNGICIDE,nass_domaincat
TEBUFENOZIDE,INSECTICIDE,nass_domaincat
TEBUPIRIMPHOS,INSECTICIDE,nass_domaincat
TEBUTHIURON,HERBICIDE,nass_domaincat
TEFLUTHRIN,INSECTICIDE,nass_domaincat
TEMBOTRIONE,HERBICIDE,nass_domaincat
TEMEPHOS,UNCLASSIFIED,none
TERBACIL,HERBICIDE,nass_domaincat
TERBUFOS,INSECTICIDE,nass_domaincat
TERBUTRYN,HERBICIDE,nass_domaincat
TETRABOROHYDRATE,UNCLASSIFIED,none
TETRACONAZOLE,FUNGICIDE,nass_domaincat
TETRAOXOSULFATE,UNCLASSIFIED,none
TETRATHIOCARBONATE,UNCLASSIFIED,none
THIABENDAZOLE,UNCLASSIFIED,none
THIACLOPRID,INSECTICIDE,nass_domaincat
THIAMETHOXAM,INSECTICIDE,nass_domaincat
THIAZOPYR,HERBICIDE,nass_domaincat
THIDIAZURON,OTHER,nass_domaincat
THIENCARBAZONE-METHYL,HERBICIDE,manual
THIFENSULFURON,HERBICIDE,nass_domaincat
THIOBENCARB,HERBICIDE,nass_domaincat
THIODICARB,INSECTICIDE,nass_domaincat
THIOPHANATE-METHYL,FUNGICIDE,nass_domaincat
THIRAM,FUNGICIDE,nass_domaincat
TOLFENPYRAD,INSECTICIDE,nass_domaincat
TOPRAMEZONE,HERBICIDE,nass_domaincat
TRALKOXYDIM,HERBICIDE,nass_domaincat
TRALOMETHRIN,INSECTICIDE,nass_domaincat
TRI-ALLATE,HERBICIDE,nass_domaincat
TRIADIMEFON,FUNGICIDE,nass_domaincat
TRIADIMENOL,UNCLASSIFIED,none
TRIASULFURON,HERBICIDE,nass_domaincat
TRIAZAMATE,UNCLASSIFIED,none
TRIBENURON METHYL,HERBICIDE,nass_domaincat
TRIBUFOS,OTHER,nass_domaincat
TRICHLORFON,INSECTICIDE,nass_domaincat
TRICLOPYR,HERBICIDE,nass_domaincat
TRIDIPHANE,HERBICIDE,nass_domaincat
TRIFLOXYSTROBIN,FUNGICIDE,nass_domaincat
TRIFLOXYSULFURON,UNCLASSIFIED,none
TRIFLUMIZOLE,FUNGICIDE,nass_domaincat
TRIFLURALIN,HERBICIDE,nass_domaincat
TRIFLUSULFURON,UNCLASSIFIED,none
TRIFORINE,FUNGICIDE,nass_domaincat
TRIMETHACARB,INSECTICIDE,nass_domaincat
TRINEXAPAC,UNCLASSIFIED,none
TRITICONAZOLE,FUNGICIDE,nass_domaincat
VERNOLATE,HERBICIDE,nass_domaincat
VINCLOZOLIN,FUNGICIDE,nass_domaincat
ZETA-CYPERMETHRIN,INSECTICIDE,nass_domaincat
ZINC,OTHER,manual
ZINEB,FUNGICIDE,nass_domaincat
ZIRAM,FUNGICIDE,nass_domaincat
ZOXAMIDE,FUNGICIDE,nass_domaincat
